-- MySQL dump 10.13  Distrib 5.1.49, for debian-linux-gnu (x86_64)
--
-- Host: localhost    Database: hatchling
-- ------------------------------------------------------
-- Server version	5.1.49-1ubuntu8

/*!40101 SET @OLD_CHARACTER_SET_CLIENT=@@CHARACTER_SET_CLIENT */;
/*!40101 SET @OLD_CHARACTER_SET_RESULTS=@@CHARACTER_SET_RESULTS */;
/*!40101 SET @OLD_COLLATION_CONNECTION=@@COLLATION_CONNECTION */;
/*!40101 SET NAMES utf8 */;
/*!40103 SET @OLD_TIME_ZONE=@@TIME_ZONE */;
/*!40103 SET TIME_ZONE='+00:00' */;
/*!40014 SET @OLD_UNIQUE_CHECKS=@@UNIQUE_CHECKS, UNIQUE_CHECKS=0 */;
/*!40014 SET @OLD_FOREIGN_KEY_CHECKS=@@FOREIGN_KEY_CHECKS, FOREIGN_KEY_CHECKS=0 */;
/*!40101 SET @OLD_SQL_MODE=@@SQL_MODE, SQL_MODE='NO_AUTO_VALUE_ON_ZERO' */;
/*!40111 SET @OLD_SQL_NOTES=@@SQL_NOTES, SQL_NOTES=0 */;

--
-- Current Database: `hatchling`
--

CREATE DATABASE /*!32312 IF NOT EXISTS*/ `hatchling` /*!40100 DEFAULT CHARACTER SET latin1 */;

USE `hatchling`;

--
-- Table structure for table `daystats`
--

DROP TABLE IF EXISTS `daystats`;
/*!40101 SET @saved_cs_client     = @@character_set_client */;
/*!40101 SET character_set_client = utf8 */;
CREATE TABLE `daystats` (
  `id` bigint(20) NOT NULL AUTO_INCREMENT,
  `date` date NOT NULL,
  `totalTweets` bigint(20) DEFAULT NULL,
  `version` int(11) DEFAULT NULL,
  PRIMARY KEY (`id`),
  UNIQUE KEY `date` (`date`),
  KEY `numTweets` (`totalTweets`)
) ENGINE=InnoDB AUTO_INCREMENT=2 DEFAULT CHARSET=latin1;
/*!40101 SET character_set_client = @saved_cs_client */;

--
-- Dumping data for table `daystats`
--

LOCK TABLES `daystats` WRITE;
/*!40000 ALTER TABLE `daystats` DISABLE KEYS */;
INSERT INTO `daystats` VALUES (1,'2011-06-03',377,1);
/*!40000 ALTER TABLE `daystats` ENABLE KEYS */;
UNLOCK TABLES;

--
-- Table structure for table `daystats_keywords`
--

DROP TABLE IF EXISTS `daystats_keywords`;
/*!40101 SET @saved_cs_client     = @@character_set_client */;
/*!40101 SET character_set_client = utf8 */;
CREATE TABLE `daystats_keywords` (
  `id` bigint(20) NOT NULL AUTO_INCREMENT,
  `numTweets` bigint(20) DEFAULT NULL,
  `version` int(11) DEFAULT NULL,
  `day_id` bigint(20) DEFAULT NULL,
  `keyword_id` bigint(20) NOT NULL,
  PRIMARY KEY (`id`),
  UNIQUE KEY `day_id` (`day_id`,`keyword_id`),
  KEY `FK40D7D1E68D599EFD` (`keyword_id`),
  KEY `FK40D7D1E66EB5057E` (`day_id`),
  KEY `numTweets` (`numTweets`),
  CONSTRAINT `FK40D7D1E66EB5057E` FOREIGN KEY (`day_id`) REFERENCES `daystats` (`id`),
  CONSTRAINT `FK40D7D1E68D599EFD` FOREIGN KEY (`keyword_id`) REFERENCES `keywords` (`id`)
) ENGINE=InnoDB AUTO_INCREMENT=33 DEFAULT CHARSET=latin1;
/*!40101 SET character_set_client = @saved_cs_client */;

--
-- Dumping data for table `daystats_keywords`
--

LOCK TABLES `daystats_keywords` WRITE;
/*!40000 ALTER TABLE `daystats_keywords` DISABLE KEYS */;
INSERT INTO `daystats_keywords` VALUES (1,377,1,1,1),(2,377,1,1,2),(3,377,1,1,3),(4,377,1,1,4),(5,377,1,1,5),(6,377,1,1,6),(7,377,1,1,7),(8,377,1,1,8),(9,377,1,1,9),(10,377,1,1,11),(11,377,1,1,12),(12,377,1,1,13),(13,377,1,1,14),(14,377,1,1,15),(15,377,1,1,17),(16,377,1,1,18),(17,377,1,1,19),(18,377,1,1,20),(19,377,1,1,21),(20,377,1,1,22),(21,377,1,1,23),(22,377,1,1,24),(23,377,1,1,25),(24,377,1,1,26),(25,377,1,1,27),(26,377,1,1,28),(27,377,1,1,29),(28,377,1,1,30),(29,377,1,1,31),(30,377,1,1,32),(31,377,1,1,33),(32,377,1,1,34);
/*!40000 ALTER TABLE `daystats_keywords` ENABLE KEYS */;
UNLOCK TABLES;

--
-- Table structure for table `daystats_urls`
--

DROP TABLE IF EXISTS `daystats_urls`;
/*!40101 SET @saved_cs_client     = @@character_set_client */;
/*!40101 SET character_set_client = utf8 */;
CREATE TABLE `daystats_urls` (
  `id` bigint(20) NOT NULL AUTO_INCREMENT,
  `numTweets` int(11) DEFAULT NULL,
  `version` int(11) DEFAULT NULL,
  `day_id` bigint(20) DEFAULT NULL,
  `tweetURL_id` bigint(20) NOT NULL,
  PRIMARY KEY (`id`),
  UNIQUE KEY `day_id` (`day_id`,`tweetURL_id`),
  KEY `FK7FEA9920EE476B57` (`tweetURL_id`),
  KEY `FK7FEA99206EB5057E` (`day_id`),
  KEY `numTweets` (`numTweets`),
  CONSTRAINT `FK7FEA99206EB5057E` FOREIGN KEY (`day_id`) REFERENCES `daystats` (`id`),
  CONSTRAINT `FK7FEA9920EE476B57` FOREIGN KEY (`tweetURL_id`) REFERENCES `urls` (`id`)
) ENGINE=InnoDB DEFAULT CHARSET=latin1;
/*!40101 SET character_set_client = @saved_cs_client */;

--
-- Dumping data for table `daystats_urls`
--

LOCK TABLES `daystats_urls` WRITE;
/*!40000 ALTER TABLE `daystats_urls` DISABLE KEYS */;
/*!40000 ALTER TABLE `daystats_urls` ENABLE KEYS */;
UNLOCK TABLES;

--
-- Table structure for table `keywords`
--

DROP TABLE IF EXISTS `keywords`;
/*!40101 SET @saved_cs_client     = @@character_set_client */;
/*!40101 SET character_set_client = utf8 */;
CREATE TABLE `keywords` (
  `id` bigint(20) NOT NULL AUTO_INCREMENT,
  `createdOn` datetime DEFAULT NULL,
  `text` varchar(255) NOT NULL,
  `version` int(11) DEFAULT NULL,
  PRIMARY KEY (`id`),
  UNIQUE KEY `text` (`text`)
) ENGINE=InnoDB AUTO_INCREMENT=36 DEFAULT CHARSET=latin1;
/*!40101 SET character_set_client = @saved_cs_client */;

--
-- Dumping data for table `keywords`
--

LOCK TABLES `keywords` WRITE;
/*!40000 ALTER TABLE `keywords` DISABLE KEYS */;
INSERT INTO `keywords` VALUES (1,'2011-06-03 21:51:31','#android',0),(2,'2011-06-03 21:52:05','#iphone',0),(3,'2011-06-03 21:52:15','#java',0),(4,'2011-06-03 21:52:22','#perl',0),(5,'2011-06-03 21:52:26','#ruby',0),(6,'2011-06-03 21:52:31','#python',0),(7,'2011-06-03 21:52:34','#cobol',0),(8,'2011-06-03 21:53:17','#cplusplus',0),(9,'2011-06-03 21:53:21','#php',0),(11,'2011-06-03 21:53:36','#html',0),(12,'2011-06-03 21:53:45','#linux',0),(13,'2011-06-03 21:53:50','#windows',0),(14,'2011-06-03 21:56:10','#jobs',0),(15,'2011-06-03 21:57:11','#hiring',0),(17,'2011-06-03 21:58:42','#apple',0),(18,'2011-06-03 21:58:47','#google',0),(19,'2011-06-03 21:58:51','#oracle',0),(20,'2011-06-03 21:58:55','#redhat',0),(21,'2011-06-03 21:59:00','#jboss',0),(22,'2011-06-03 21:59:10','#springsource',0),(23,'2011-06-03 22:00:06','#ibm',0),(24,'2011-06-03 22:00:11','#jsf',0),(25,'2011-06-03 22:00:20','#jsf2',0),(26,'2011-06-03 22:00:24','#javaee',0),(27,'2011-06-03 22:00:29','#wicket',0),(28,'2011-06-03 22:00:50','#playframework',0),(29,'2011-06-03 22:00:54','#grails',0),(30,'2011-06-03 22:00:57','#rails',0),(31,'2011-06-03 22:01:02','#seam',0),(32,'2011-06-03 22:01:27','#SeamForge',0),(33,'2011-06-03 22:01:56','#SpringRoo',0),(34,'2011-06-03 22:03:04','ocpsoft',0),(35,'2011-06-03 22:09:36','#arquillian',0);
/*!40000 ALTER TABLE `keywords` ENABLE KEYS */;
UNLOCK TABLES;

--
-- Table structure for table `tweets`
--

DROP TABLE IF EXISTS `tweets`;
/*!40101 SET @saved_cs_client     = @@character_set_client */;
/*!40101 SET character_set_client = utf8 */;
CREATE TABLE `tweets` (
  `id` bigint(20) NOT NULL AUTO_INCREMENT,
  `profileURL` varchar(255) DEFAULT NULL,
  `received` datetime DEFAULT NULL,
  `screenName` varchar(255) DEFAULT NULL,
  `text` varchar(255) DEFAULT NULL,
  `tweetId` bigint(20) DEFAULT NULL,
  `userName` varchar(255) DEFAULT NULL,
  `userProfileImageURL` varchar(255) DEFAULT NULL,
  `version` int(11) DEFAULT NULL,
  PRIMARY KEY (`id`)
) ENGINE=InnoDB AUTO_INCREMENT=717 DEFAULT CHARSET=latin1;
/*!40101 SET character_set_client = @saved_cs_client */;

--
-- Dumping data for table `tweets`
--

LOCK TABLES `tweets` WRITE;
/*!40000 ALTER TABLE `tweets` DISABLE KEYS */;
INSERT INTO `tweets` VALUES (1,NULL,'2011-06-03 22:03:21','lisajaynedeee','Needed to use #google to find the \"hash key\" on my #mac Obviously never needed it before lol Pls DON`T Re-Tweet but ur welcome 2 follow :)',76770974502109185,'Lisa Jayne Dennis','http://a0.twimg.com/profile_images/1372576760/s670120818_831728_1333_normal.jpg',0),(2,NULL,'2011-06-03 22:03:54','developerworks','Must-have tools for #HTML - #JavaScript - #AJAX coding & debugging > http://su.pr/22dz4s #webdev #webapp #webdesign #programming #code',76771111743918080,'developerworks','http://a2.twimg.com/profile_images/60341510/dWbadge_v2_normal.jpg',0),(3,NULL,'2011-06-03 22:03:55','DineSteamboat','RT- #Jobs Work From Home Sales at US Merchant Systems (Steamboat Springs, CO) http://dlvr.it/V0YR0 #Steamboat #C... http://bit.ly/kfk6UZ',76771116953239552,'Rex Brice','http://a2.twimg.com/profile_images/1108959086/wine_normal.jpg',0),(4,NULL,'2011-06-03 22:03:56','mullanproperty','RT @colmhanratty: Just discovered \'Vanilla Surf\' browser for #iPhone. Happy to report I won\'t be using Safari any more.',76771121415987201,'mullanproperty','http://a1.twimg.com/profile_images/422782810/QS_LRJ09_NITB4Star_icon_normal.jpg',0),(5,NULL,'2011-06-03 22:04:00','cridi','Un iPhone 4S pour la rentrée ? http://t.co/dVhqx3g via @cnetfrance #Apple #fb',76771137580843008,'cridi','http://a3.twimg.com/profile_images/116645986/big.6589839_normal.jpg',0),(6,NULL,'2011-06-03 22:04:01','iPodCentral','16GB iPhone 4 available online from Apple, home activation, free shipping - http://tinyurl.com/4s22cj9 #iphone',76771142584631296,'iPodCentral','http://a1.twimg.com/profile_images/1127250415/images_normal.jpeg',0),(7,NULL,'2011-06-03 22:04:02','swapnilbhartiya','Future #Apple #iPhone May Not Let You Record and Shoot http://bit.ly/kSkOfT',76771147705888768,'Swapnil Bhartiya','http://a2.twimg.com/profile_images/536714751/twitter_normal.jpg',0),(8,NULL,'2011-06-03 22:04:02','muktware','Future #Apple #iPhone May Not Let You Record and Shoot http://bit.ly/kSkOfT',76771149186469888,'Muktware Magazine','http://a0.twimg.com/profile_images/1165489263/mukt_normal.png',0),(9,NULL,'2011-06-03 22:04:03','cultofubuntu','Future #Apple #iPhone May Not Let You Record and Shoot http://bit.ly/kSkOfT',76771150440570880,'Cult Of Ubuntu','http://a1.twimg.com/sticky/default_profile_images/default_profile_2_normal.png',0),(10,NULL,'2011-06-03 22:04:03','kalkion','Future #Apple #iPhone May Not Let You Record and Shoot http://bit.ly/kSkOfT',76771151598202880,'Science Fiction','http://a1.twimg.com/profile_images/214528836/kalkion_normal.jpg',0),(11,NULL,'2011-06-03 22:04:02','GetChiExecuJobs','CEO - Harrisburg (Sport... - #Harrisburg , PA (http://tinyurl.com/3lks5t4) Get Chief Executive Jobs #ChiefExecutive #jobs #job #GetAllJobs',76771147491966976,'Chief Executive Jobs','http://a2.twimg.com/profile_images/65499031/G_normal.png',0),(12,NULL,'2011-06-03 22:04:03','TivoliPartners','RT @SmartSOA: #IBM is rated #1 in #SOA market share with over 8,000 customers. #IBMSoftware #BizAgility. Learn more: http://bit.ly/IBMBi ...',76771153028464640,'Tivoli BusPartners','http://a1.twimg.com/profile_images/487687746/Tiv-BP-Image_normal.jpg',0),(13,NULL,'2011-06-03 22:04:06','CareerFinesse','RT @LinkedIn_Jobs: E-Commerce Marketing Manager at IGIGI - San Francisco Bay Area #in #jobs http://lnkd.in/g_Y9_V',76771163547770880,'CareerFinesse','http://a2.twimg.com/profile_images/1363770843/FractalStar_normal.jpg',0),(14,NULL,'2011-06-03 22:04:07','android_press','HTC Developing Proprietary #Android Apps - Appscout http://bit.ly/kyVby8',76771168702562304,'Android Press','http://a2.twimg.com/profile_images/1236008841/snap20110120_184346_edit0_edit0_normal.png',0),(15,NULL,'2011-06-03 22:04:07','android_press','#Android app brings cookie stealing to unwashed masses - Register http://bit.ly/mTV3St',76771169809862657,'Android Press','http://a2.twimg.com/profile_images/1236008841/snap20110120_184346_edit0_edit0_normal.png',0),(16,NULL,'2011-06-03 22:04:07','LinuxVirt','#linux #kvm  Re: [PATCH v1 5/5] KVM: Expose a version 1 architectural PMU to guests http://dlvr.it/V0nC8',76771169856008192,'Linux Virtualization','http://a1.twimg.com/profile_images/961101983/penguin_normal.jpg',0),(17,NULL,'2011-06-03 22:04:08','GetCJobs','Network Administrator - #Redmond , WA (http://tinyurl.com/3gpqull) Get C Jobs #C #jobs #job #GetAllJobs',76771170648735744,'Get C Jobs','http://a2.twimg.com/profile_images/65490256/G_normal.png',0),(18,NULL,'2011-06-03 22:04:08','JoleenHart6','Junior Application Support Specialist San Antonio TX See my blog at http://bit.ly/JoleenBlog #Java #OOP #San Antonio #TX #SQL',76771171210760192,'Joleen Hart','http://a2.twimg.com/profile_images/534450602/ME_normal.jpg',0),(19,NULL,'2011-06-03 22:04:08','fedorausers','#linux #fedora  Re: Preupgrade still sucks. Maybe sucks less, maybe sucks more. http://dlvr.it/V0n5v',76771172661997568,'Fedora Linux Users','http://a2.twimg.com/profile_images/803080582/penguin-shirt-square_normal.png',0),(20,NULL,'2011-06-03 22:04:08','android_press','No Stopping #Android Juggernaut, Says comScore - PCWorld http://bit.ly/lnVcNd',76771173232422912,'Android Press','http://a2.twimg.com/profile_images/1236008841/snap20110120_184346_edit0_edit0_normal.png',0),(21,NULL,'2011-06-03 22:04:09','fedorausers','#linux #fedora  Re: Four Tweaks for Gnome 3 http://dlvr.it/V0nCw',76771175296016384,'Fedora Linux Users','http://a2.twimg.com/profile_images/803080582/penguin-shirt-square_normal.png',0),(22,NULL,'2011-06-03 22:04:08','LinuxVirt','#linux #kvm  Re: [PATCH v1 1/5] perf: add context parameter to perf_event overflow handler http://dlvr.it/V0nCT',76771172380966912,'Linux Virtualization','http://a1.twimg.com/profile_images/961101983/penguin_normal.jpg',0),(23,NULL,'2011-06-03 22:04:08','android_press','Adobe CEO Confident #Android Tablets Will Beat iPad - InformationWeek http://bit.ly/lEeGY8',76771172158681088,'Android Press','http://a2.twimg.com/profile_images/1236008841/snap20110120_184346_edit0_edit0_normal.png',0),(24,NULL,'2011-06-03 22:04:08','Yermilla','WAW @CANNIEJ called #apple DISGUSTING!!! OMG once u go MAC u don\'t go BACK!!!! guess u haven\'t gone MAC yet :)',76771174494904320,'Yermilla','http://a2.twimg.com/profile_images/1362798914/image_normal.jpg',0),(25,NULL,'2011-06-03 22:04:10','OneColdBitchie','just reached level 40 on Original Gangstaz on my iPhone! Click the link to join my gang http://bit.ly/originalgz #iphone #ipod #ipad #OG',76771182849953792,'MindYoBusinessBitch','http://a2.twimg.com/profile_images/1368749227/image_normal.jpg',0),(26,NULL,'2011-06-03 22:04:14','1989TRE','RT @random757: @1989TRE @CAMPUSva , I fluckinbghfg love #android , currently downloading #datpiff #android app!!!!!',76771196775051264,'Trey Sykes','http://a2.twimg.com/profile_images/1351773854/IMG00096-20091009-1906_normal.jpg',0),(27,NULL,'2011-06-03 22:04:13','GetConciergJobs','Concierge - #Riverside , CA (http://tinyurl.com/3r5tywd) Get Concierge Jobs #Concierge #jobs #job #GetAllJobs',76771193935511554,'Get Concierge Jobs','http://a2.twimg.com/profile_images/65501703/G_normal.png',0),(28,NULL,'2011-06-03 22:04:14','NewAndroidApps','New #android #app: justWink http://bit.ly/miynOh',76771199551676416,'New Android apps','http://a2.twimg.com/profile_images/1077889707/android-logo_normal.jpg',0),(29,NULL,'2011-06-03 22:04:15','NewAndroidApps','New #android #app: Finger Killer LITE!. http://bit.ly/msrKCO',76771201137123328,'New Android apps','http://a2.twimg.com/profile_images/1077889707/android-logo_normal.jpg',0),(30,NULL,'2011-06-03 22:04:15','fleetwoodnat','PHP Developer - telecommute part-time http://bit.ly/kVTmZ4 #jobs #Freelance #job',76771203007782912,'NNNN','http://a3.twimg.com/profile_images/1355090054/45798_149892911707439_100000601922624_348823_6971603_n-11_normal.jpg',0),(31,NULL,'2011-06-03 22:04:17','Loyalty2020','is a VIP on Original Gangstaz on my iPhone! Click the link to join my gang http://bit.ly/originalgz #iphone #ipod #ipad #OG',76771211895517185,'Clyde Marcus','http://a0.twimg.com/sticky/default_profile_images/default_profile_1_normal.png',0),(32,NULL,'2011-06-03 22:04:19','wimblegon','Mi impresiora se transformó en un Plug and Play, justo como la soñé alguna vez. Sólo con #Ubuntu #Linux :) #momentofriki',76771216798646272,'Gonzalo Campillo','http://a1.twimg.com/profile_images/1282333706/46723_492172548941_545823941_6941455_4656344_n_normal.jpg',0),(33,NULL,'2011-06-03 22:04:19','GetConManagJobs','Contractor - Proj... - #Newark , NY (http://tinyurl.com/3uz9gr7) Get Construction Manager Jobs #ConstructionManager #jobs #job #GetAllJobs',76771217029349376,'GetConManagJobs','http://a2.twimg.com/profile_images/65502229/G_normal.png',0),(34,NULL,'2011-06-03 22:04:18','mrechenburg','Dear Google, please restore my favorite landing page http://www.google.com/linux #google',76771216140144641,'Matthias Rechenburg','http://a1.twimg.com/profile_images/671900549/openqrm_enterprise_logo_small_normal.jpg',0),(35,NULL,'2011-06-03 22:04:20','scooterlittle','RT @smellierteacher: Hi guys, just posted a new #android #app #review on my #blog http://t.co/0Gy4WTx Enjoy :-) #widgetsoid ... sorry fo ...',76771224650383360,'Scott Little','http://a1.twimg.com/profile_images/1241606875/GNR_Finish_pic_normal.jpg',0),(36,NULL,'2011-06-03 22:04:22','gbschenkel','RT @gsembilan: get ready for LibreOffice 3.4 #linux #LibreOffice http://goo.gl/2zebG',76771233051578368,'Gustavo B. Schenkel','http://a2.twimg.com/profile_images/1067697392/me_normal.jpeg',0),(37,NULL,'2011-06-03 22:04:24','Bremerton_Jobs','Bremerton Job: Sales Representative - Tacoma/Bremerton at Nestle (Lakewood, WA): Sales Representative -... http://dlvr.it/V0n8j #Jobs',76771238130892800,'Bremerton Jobs USA','http://a2.twimg.com/profile_images/1188757826/Search4_logo_magnifying_glass_normal.PNG',0),(38,NULL,'2011-06-03 22:04:24','KelbyBrick','RT @PurpleComm: CONGRATS @ClearCaptions on being named one of the \"Best #iPhone #Apps for #NYC Baby #Boomers\" by @CBS\' @EyeOnNY - http:/ ...',76771241092059136,'Kelby Brick','http://a3.twimg.com/profile_images/245690679/BrickPix_normal.jpg',0),(39,NULL,'2011-06-03 22:04:25','jkbzas','@ezepgg te gustaría exponer §obre #Android en #CISL2011?  http://www.cisl.org.ar',76771245026316288,'Jorge Cabezas','http://a3.twimg.com/profile_images/1361445510/foz_normal.jpeg',0),(40,NULL,'2011-06-03 22:04:26','top_seo_jobs','Google SEO Help Needed by cjmyoung: My website is for the retail products. Ideal keywords would be som... http://cli.gs/gf4rb #seo #jobs',76771248507584512,'SEO jobs','http://a1.twimg.com/profile_images/138819711/top_seo_jobs_normal.jpg',0),(41,NULL,'2011-06-03 22:04:26','dooleydigital','RT @jeffbullas: #Google Becomes More Social And It’s Hurting Your Business http://spr.ly/6014uABM #SocialMedia #SMM #SEO',76771247802957824,'Helen Dooley','http://a1.twimg.com/profile_images/1347810990/photo__3__normal.JPG',0),(42,NULL,'2011-06-03 22:04:34','Loyalty2020','Add my friend code: 639 540 031 Click the link to join my gang http://bit.ly/originalgz #iphone #ipod #ipad #OG',76771280153616385,'Clyde Marcus','http://a0.twimg.com/sticky/default_profile_images/default_profile_1_normal.png',0),(43,NULL,'2011-06-03 22:04:36','ipadsummary','Adobe Digital Publishing Suite | Visual overview http://adobe.ly/kmOh5Y #ipad #apple',76771288152154112,'iPad Summary','http://a3.twimg.com/profile_images/848539609/apple_logo_rainbow_fruit_normal.jpg',0),(44,NULL,'2011-06-03 22:04:38','danlarock','#FF#Android @bigxie @droid_life @P3Droid @MyDroidWorld @RootzWiki @ChainsDD @clockworkmod @cassdriod @AndroidPolice @xeudoxus @xdadevelopers',76771298872795137,'Dan LaRock','http://a0.twimg.com/profile_images/1230529098/profile_normal.jpg',0),(45,NULL,'2011-06-03 22:04:39','shangai_ana','#iphone #sex #videos Red hair bondages:  http://migre.me/4Iu3y',76771303465566208,'shangai_ana','http://a0.twimg.com/profile_images/1119077127/tw136_normal.jpg',0),(46,NULL,'2011-06-03 22:04:40','shangai_ana','#iphone #sex #videos Italian lindinha de verona:  http://migre.me/4Iu3A',76771304547688448,'shangai_ana','http://a0.twimg.com/profile_images/1119077127/tw136_normal.jpg',0),(47,NULL,'2011-06-03 22:04:40','shangai_ana','#iphone #sex #videos A hard work day for layla:  http://migre.me/4Iu3C',76771305541742592,'shangai_ana','http://a0.twimg.com/profile_images/1119077127/tw136_normal.jpg',0),(48,NULL,'2011-06-03 22:04:41','Elance_Jobs','#Jobs WordPress database work for blog | Elance Job: The RSS feed of the blog no longer validates.  The site was... http://bit.ly/iuMuN6',76771308859432960,'Elance Jobs','http://a2.twimg.com/profile_images/104106266/E2_normal.jpg',0),(49,NULL,'2011-06-03 22:04:41','Elance_Jobs','#Jobs Create a Minecraft World for Chrishurch New Zealand | Elance Job: You may know already that in February th... http://bit.ly/mxDje7',76771310021259264,'Elance Jobs','http://a2.twimg.com/profile_images/104106266/E2_normal.jpg',0),(50,NULL,'2011-06-03 22:04:40','shangai_ana','#iphone #sex #videos Creamy Straight Guys Fucking Action:  http://migre.me/4Iu3F',76771306707750912,'shangai_ana','http://a0.twimg.com/profile_images/1119077127/tw136_normal.jpg',0),(51,NULL,'2011-06-03 22:04:43','diegoplus','RT @cafedesigners: #FF a @notasdesamuel que mediante su post http://bit.ly/lF4C3S  ya tenemos actualizado el #android :D',76771318640549889,'diegoplus','http://a2.twimg.com/profile_images/1178331303/wtd-black_normal.jpg',0),(52,NULL,'2011-06-03 22:04:43','twme1','RT @JobsUnleashed: Find Customer Service jobs in Connecticut.  http://tiny.ly/dtcR  #Jobs',76771318216916992,'Eric','http://a1.twimg.com/profile_images/1238480950/utweet_normal.jpg',0),(53,NULL,'2011-06-03 22:04:45','nzandroid','#android Sorry RIM, Smartphones Users Snap Up iPhones, Android Devices - PC Magazine http://nztalk.in/kE6RGx',76771328455225344,'NZ Android','http://a1.twimg.com/profile_images/1097372767/41800_115484685169649_827_n_normal.jpg',0),(54,NULL,'2011-06-03 22:04:49','iAMsoCOOL_like','#iPhone corrects you when you type #drunk looooool',76771343063977984,'Sanchia','http://a2.twimg.com/profile_images/1379956424/image_normal.jpg',0),(55,NULL,'2011-06-03 22:04:49','JobHitsUS','Document Imaging Production Manager/Production Specialist job in Philadelphia, PA http://bit.ly/kFi0ba #management #jobs',76771343810568192,'JobHits.net','http://a2.twimg.com/profile_images/533240302/JobHits64x64_normal.png',0),(56,NULL,'2011-06-03 22:04:56','TECH_ITJobs','Jr. Systems Engineer-CA,Petaluma http://bit.ly/lq115x #jobs #hiring',76771375150407680,'Technisource IT Jobs','http://a0.twimg.com/sticky/default_profile_images/default_profile_1_normal.png',0),(57,NULL,'2011-06-03 22:04:57','MRGExecAsstJobs','Administrative Assistant-MA,Waltham http://bit.ly/km3PtO #jobs #hiring',76771376639393793,'Mergis ExecAsst Jobs','http://a1.twimg.com/sticky/default_profile_images/default_profile_6_normal.png',0),(58,NULL,'2011-06-03 22:04:57','sue345678','RT @thedroidguy: OMAP 4 going Quad Core? #android http://goo.gl/t49RG',76771376660361216,'sue king','http://a0.twimg.com/profile_images/1366660166/sue_king_normal.jpg',0),(59,NULL,'2011-06-03 22:04:57','CDIITSJobs','Electrical Designer/Drafter 3 - NEEDED NOW!!-NY,New York http://bit.ly/iFk7Yj #jobs #it',76771377872506880,'CDIITS Jobs','http://a0.twimg.com/profile_images/935921380/CDI_normal.gif',0),(60,NULL,'2011-06-03 22:04:57','CROSSMARKInc','Retail Merchandiser--Cosmetics-WA,Seattle http://bit.ly/lDOnn5 #jobs',76771379189522432,'CROSSMARK, Inc.','http://a1.twimg.com/profile_images/785824966/CROSSMARK_Facebook_normal.jpg',0),(61,NULL,'2011-06-03 22:04:58','MRGLegalHRJobs','Corporate Paralegal - Fortune 500 Corporation-FL,Miami http://bit.ly/iwOL8r #jobs #hiring',76771380129046528,'Mergis Legal/HR Jobs','http://a2.twimg.com/sticky/default_profile_images/default_profile_3_normal.png',0),(62,NULL,'2011-06-03 22:04:58','FelypeGRocha','Consegui converter uma String em Vector em #Java',76771380376514560,'Felipe Guimaraes','http://a0.twimg.com/profile_images/1253362849/ROcha_normal.jpg',0),(63,NULL,'2011-06-03 22:04:58','healthsouthjobs','Speech Pathologist (Inpatient)-TN,Kingsport http://bit.ly/lcQeSz #jobs #healthcare #medical',76771381156651008,'HealthSouth Jobs','http://a0.twimg.com/profile_images/1359704809/HealthSouth_logo_reasonably_smallv2_normal.gif',0),(64,NULL,'2011-06-03 22:04:58','AGoodJob','Physical Therapist-Eau Claire/LaCrosse http://bit.ly/iizfCK #jobs',76771382159089664,'MR of Sioux Falls ','http://a2.twimg.com/profile_images/577763495/sioux_MRI-SF_Water_normal.png',0),(65,NULL,'2011-06-03 22:04:58','GetMarManagJobs','Marketing Analysis Ma... - #Columbia , MD (http://tinyurl.com/3w9agzm) Get Marketing Manager Jobs #MarketingManager #jobs #job #GetAllJobs',76771383404793856,'Marketing Jobs','http://a2.twimg.com/profile_images/65691218/G_normal.png',0),(66,NULL,'2011-06-03 22:04:59','MRGAcctFinJobs','Medical Billing Coding Specialist-OH,Toledo http://bit.ly/lz4JAo #jobs #hiring',76771385610993665,'Mergis A&F Jobs','http://a0.twimg.com/sticky/default_profile_images/default_profile_1_normal.png',0),(67,NULL,'2011-06-03 22:04:59','Kohlscareers','Bilingual (English and Spanish) Customer Service Advocate I - San Antonio Call Center - July 18, 2-TX,San Antonio http://bit.ly/lSnJTx #jobs',76771386579886081,'Kohl\'s Careers','http://a3.twimg.com/profile_images/580816943/4439_85602866247_17648521247_1791143_6348309_n_normal.jpg',0),(68,NULL,'2011-06-03 22:04:59','lincolnthree','If you like #SeamForge make some NOISE! http://ocpsoft.com/research/',76771387376795648,'Lincoln Baxter III','http://a3.twimg.com/profile_images/1154338497/screenshot2_normal.png',0),(69,NULL,'2011-06-03 22:04:59','SpherionJobs','Executive Administrative Assistant-44203-OH,Barberton http://bit.ly/jsNGYA #jobs #hiring',76771388123385857,'Spherion Jobs','http://a0.twimg.com/sticky/default_profile_images/default_profile_5_normal.png',0),(70,NULL,'2011-06-03 22:05:00','insurance_sales','Insurance Based Financial Advisor-NH,Bedford http://bit.ly/ekT9Gl #jobs',76771389830463489,'Mutual of Omaha','http://a2.twimg.com/profile_images/358738536/twitter_LOGO_normal.png',0),(71,NULL,'2011-06-03 22:05:00','SelfOpportunity','Restaurant Manager - Taco Bell-TX,Fort Worth http://bit.ly/mhFAGw #jobs',76771391654993920,'Self Opportunity','http://a3.twimg.com/profile_images/535201881/SO2_normal.jpg',0),(72,NULL,'2011-06-03 22:05:01','MRGEngineerJobs','Quality specialist-KY,hebron http://bit.ly/mTEWLN #jobs #hiring',76771392699383808,'Mergis Engineer Jobs','http://a1.twimg.com/sticky/default_profile_images/default_profile_6_normal.png',0),(73,NULL,'2011-06-03 22:05:01','MRGSalesJobs','Oil & Gas Industry Whiz - for Leading Data Warehousing/BI Company!-TX,Houston http://bit.ly/m7004G #jobs #hiring',76771393693429760,'Mergis Sales Jobs','http://a3.twimg.com/sticky/default_profile_images/default_profile_4_normal.png',0),(74,NULL,'2011-06-03 22:05:01','PrincetonOne','REGIONAL BUSINESS MANAGER- Allergy-WA,Seattle http://bit.ly/llvPaM #jobs',76771396272922624,'PrincetonOne','http://a3.twimg.com/profile_images/563361824/Princeton_logo_twitter_normal.jpg',0),(75,NULL,'2011-06-03 22:05:02','Aristocrat_Jobs','Sr. Software QA Engineer (SIT)-NV,Las Vegas http://tinyurl.com/3mj7tbj #jobs #gaming',76771398110019586,'Aristocrat Careers','http://a3.twimg.com/profile_images/825783935/aristocrat_logo_normal.jpg',0),(76,NULL,'2011-06-03 22:05:03','FinboxInc','New Royal Bank of Scotland (RBS) #jobs in Salt Lake City, UT and Stamford, CT  - http://ht.ly/59Iiy',76771402522439680,'Finbox.com','http://a3.twimg.com/profile_images/1079441672/finbox-mini-1_normal.gif',0),(77,NULL,'2011-06-03 22:05:03','ASSAABLOYAMERIC','Outside Sales Representative - Midwest-IL,Chicago http://tinyurl.com/4xprc28 #jobs',76771402757308417,'ASSA ABLOY Americas','http://a2.twimg.com/profile_images/334485636/Picture_30_normal.png',0),(78,NULL,'2011-06-03 22:05:03','StericycleJobs','C# Programmer - Senior .NET Developer - Web Development-IN,Indianapolis http://tinyurl.com/3kd279o #jobs',76771403940118528,'Stericycle Jobs','http://a1.twimg.com/profile_images/1089818360/steri_normal.png',0),(79,NULL,'2011-06-03 22:05:03','jobangebote','Senior Specialist for Group Financial Statements (m/f) #jobs BASF SE Ludwigshafen - http://4fb.in/32w3',76771404061753344,'Jobangebote','http://a3.twimg.com/profile_images/237741459/jobtweet-bild_normal.jpg',0),(80,NULL,'2011-06-03 22:05:03','WMCareers','Executive Assistant - WM Sustainability Services - Warren MI-MI,Warren http://tinyurl.com/3j3km29 #jobs',76771404942557184,'Waste Management','http://a2.twimg.com/profile_images/1082839738/wm_tw1_normal.png',0),(81,NULL,'2011-06-03 22:05:02','gojobsearchuk','Resource Executive - Scientific - Birmingham http://bit.ly/jEaIah\n #Jobs',76771399041163264,'Go Job Search UK','http://a1.twimg.com/profile_images/1132251315/GJS-magnifying-glass_normal.png',0),(82,NULL,'2011-06-03 22:05:04','SkechersJobs','Fitness Store Manager-IL,Skokie http://tinyurl.com/3je7qkl #jobs',76771406028881920,'Skechers Jobs','http://a3.twimg.com/profile_images/1281886662/skechers_normal.png',0),(83,NULL,'2011-06-03 22:05:04','SwaggerIAm','This studio on my phone cold... I gotta use it more...!!! #Android',76771406699962370,'Tae Major La Swagg','http://a0.twimg.com/profile_images/1373556396/profile_normal.jpg',0),(84,NULL,'2011-06-03 22:05:04','CTSC_Careers','AWACS Instructor ECO-AK,Anchorage http://tinyurl.com/3rjxwys #jobs',76771407840813056,'CTSC, LLC Careers','http://a3.twimg.com/profile_images/1154541446/Picture_5_normal.png',0),(85,NULL,'2011-06-03 22:05:05','CIS_Careers','Office Administrator-VA,Fort Belvoir http://tinyurl.com/3k2f2oc #jobs',76771409954746368,'CIS Careers','http://a3.twimg.com/profile_images/1154540913/Picture_5_normal.png',0),(86,NULL,'2011-06-03 22:05:04','SocialRenee','@ladygaga and @google team up for a fantastically brilliant Social Media campaign  http://bit.ly/kOWxze #monsters  #ladygaga #google #social',76771409002631169,'Renée','http://a3.twimg.com/profile_images/1375255466/170240_477999436166_665466166_6397189_4761499_o_normal.jpg',0),(87,NULL,'2011-06-03 22:05:05','AccessFleetJobs','Outside Sales Representative-CA,Long Beach http://tinyurl.com/3gqjbdm #jobs',76771410894262272,'Access Fleet Jobs','http://a1.twimg.com/profile_images/1124307453/accessfleet_FullNEW_normal.jpg',0),(88,NULL,'2011-06-03 22:05:05','COS_Careers','Office Administrator-VA,Fort Belvoir http://tinyurl.com/3k2f2oc #jobs',76771411875737600,'COS Careers','http://a3.twimg.com/profile_images/1154540118/Picture_5_normal.png',0),(89,NULL,'2011-06-03 22:05:05','OracleLatam','#Oracle anunciará resultados 4Q del año fiscal 2011. Jueves 23-junio, 16hrs (Central time). Webcast live: http://ow.ly/59sr5',76771412244832256,'Oracle Latinoamerica','http://a0.twimg.com/profile_images/520092169/ORACLE_CORP_normal.png',0),(90,NULL,'2011-06-03 22:05:05','jobangebote','Lead Designer (m/w) Exterieur in Rüsselsheim #jobs - http://4fb.in/n8r5',76771412576178176,'Jobangebote','http://a3.twimg.com/profile_images/237741459/jobtweet-bild_normal.jpg',0),(91,NULL,'2011-06-03 22:05:05','EducationJob','NQTS - earn money and gain teaching experience! - £90 - £110 per d... #Jobs  http://jobsurl.com/rtQ6',76771413033361408,'Education Jobs','http://a3.twimg.com/profile_images/79222594/910927_school_bus_normal.jpg',0),(92,NULL,'2011-06-03 22:05:06','VertexInnovate','Cost Accountant-CO,Littelton http://tinyurl.com/45yolxn #jobs',76771414581067777,'Vertex Innovations','http://a3.twimg.com/profile_images/301772200/ls_7734_big_normal.jpg',0),(93,NULL,'2011-06-03 22:05:06','BostonMarketJob','General Manager-PA,Pittsburgh http://tinyurl.com/426j5aw #jobs',76771415512195072,'Boston Market Jobs','http://a0.twimg.com/profile_images/1347665258/2011_BM_Logo_2-color_normal.jpg',0),(94,NULL,'2011-06-03 22:05:06','Asian_Jobs','Marketing Manager - Beijing China #jobs  http://jobsurl.com/rtq4',76771417160556544,'Asian Jobs','http://a3.twimg.com/profile_images/234474009/1154615_reflective_light_blue_glass_buttons_normal.jpg',0),(95,NULL,'2011-06-03 22:05:07','dnzTyping','#typing #job - Compile winery data - Microsoft Excel (Max. $500) - http://donanza.com/t/3066618 #jobs',76771419664547840,'Typing Jobs','http://a0.twimg.com/profile_images/1315766589/thumbnail94_normal.jpg',0),(96,NULL,'2011-06-03 22:05:11','sue345678','RT @thedroidguy: Sony Xperia Play gets Pocket Legends and More: http://goo.gl/HSsMA #android',76771436924112896,'sue king','http://a0.twimg.com/profile_images/1366660166/sue_king_normal.jpg',0),(97,NULL,'2011-06-03 22:05:12','AndrolibJustIn','#android App :  Tap Me Pro [V1.0] http://goo.gl/fb/ofSwh #casual',76771440564768768,'Androlib Just In','http://a1.twimg.com/profile_images/1139880663/Android-Market_normal.jpg',0),(98,NULL,'2011-06-03 22:05:12','AndrolibJustIn','#android App :  Hanged Man (Free) [V1.0.0] http://goo.gl/fb/ZGpwJ #brainpuzzle',76771441827262466,'Androlib Just In','http://a1.twimg.com/profile_images/1139880663/Android-Market_normal.jpg',0),(99,NULL,'2011-06-03 22:05:13','staffingpower','JobG8: Business Analyst (Peoplesoft) (Not Specified, Washington) RATE_LIMIT_EXCEEDED #Jobs',76771444457086976,'staffingpower','http://a2.twimg.com/profile_images/577138962/SP_normal.png',0),(100,NULL,'2011-06-03 22:05:13','ZuluJobsIN','IN Jobs | Client Care Representative Job in Terre Haute 47805, Indiana US at Company Not Sp... http://bit.ly/k2F5uY #Job #Hiring #INJobs',76771444306100224,'Jason Pedley','http://a1.twimg.com/profile_images/337135226/in-jobs-on-twitter_normal.jpg',0),(101,NULL,'2011-06-03 22:05:14','staffingpower','JobG8: Point of Sale Programmer/Help Desk Analyst (Solon, Ohio) RATE_LIMIT_EXCEEDED #Jobs',76771447590227968,'staffingpower','http://a2.twimg.com/profile_images/577138962/SP_normal.png',0),(102,NULL,'2011-06-03 22:05:13','ZuluJobsIN','IN Jobs | Sales Manager, Industrial Accounts Job in South Bend, Indiana US at Company Not S... http://bit.ly/m6XCmT #Job #Hiring #INJobs',76771445367246848,'Jason Pedley','http://a1.twimg.com/profile_images/337135226/in-jobs-on-twitter_normal.jpg',0),(103,NULL,'2011-06-03 22:05:14','NewYorkWebJobs','#Ecommerce #jobs eCommerce Channel Consultant: Support the sales, fulfillment and servicing of the CashPro Accele... http://cli.gs/V57O2',76771450345885696,'New York Web Jobs','http://a0.twimg.com/profile_images/104430389/New_York2_normal.jpeg',0),(104,NULL,'2011-06-03 22:05:14','staffingpower','JobG8: Shipping & Receiving Associate (Maple Heights, Ohio) RATE_LIMIT_EXCEEDED #Jobs',76771449142128640,'staffingpower','http://a2.twimg.com/profile_images/577138962/SP_normal.png',0),(105,NULL,'2011-06-03 22:05:14','staffingpower','JobG8: Business Analyst/Mentor (Charlotte, North Carolina) RATE_LIMIT_EXCEEDED #Jobs',76771450664648704,'staffingpower','http://a2.twimg.com/profile_images/577138962/SP_normal.png',0),(106,NULL,'2011-06-03 22:05:15','was_adm_jobs','Business Manager AFPAK, Invertix #Jobs #Administrative/C #Washington http://mnstr.bz/mD55q5',76771454364041216,'WasClericalJobs','http://a3.twimg.com/profile_images/1238590291/monster_tweets_avitar_reasonably_small_normal.png',0),(107,NULL,'2011-06-03 22:05:15','GetPriInvesJobs','Loss Prevention S... - #Cortez , CO (http://tinyurl.com/3as9tt2) Get Private Investigator Jobs #PrivateInvestigator #jobs #job #GetAllJobs',76771454707970048,'PI Jobs','http://a2.twimg.com/profile_images/65773946/G_normal.png',0),(108,NULL,'2011-06-03 22:05:15','SanDiegoTopJobs','Quality Assurance Auditor: CA-San Diego, Performs contracted and internal system audits. Evalua... http://bit.ly/g5jQnz #jobs #aerospace',76771454741524481,'S.D. Top Jobs','http://a2.twimg.com/profile_images/1149661580/twitter_logo_normal.png',0),(109,NULL,'2011-06-03 22:05:16','staffingpower','JobG8: Senior C/C++ Developers (New York, New York) RATE_LIMIT_EXCEEDED #Jobs',76771455853015040,'staffingpower','http://a2.twimg.com/profile_images/577138962/SP_normal.png',0),(110,NULL,'2011-06-03 22:05:16','SanDiegoTopJobs','AEROSPACE TECHNICIANS: I do not wish to provide a job location, AEROSPACE TECHNICIANSHigh preci... http://bit.ly/mxTdN5 #jobs #aerospace',76771456217907200,'S.D. Top Jobs','http://a2.twimg.com/profile_images/1149661580/twitter_logo_normal.png',0),(111,NULL,'2011-06-03 22:05:16','staffingpower','JobG8: Interaction Designer - UI/UX (Englewood, Colorado) RATE_LIMIT_EXCEEDED #Jobs',76771457316831233,'staffingpower','http://a2.twimg.com/profile_images/577138962/SP_normal.png',0),(112,NULL,'2011-06-03 22:05:16','MaryUnix','Mi impresiora se transformó en un Plug and Play, justo como la soñé alguna vez. Sólo con #Ubuntu #Linux :) #mome... http://bit.ly/mFqAEN',76771457333596160,'Mary','http://a0.twimg.com/profile_images/1126612240/1_normal.jpg',0),(113,NULL,'2011-06-03 22:05:16','macography','Some iCloud predictions, just to have fun while we wait for the real thing at WWDC  http://t.co/FY03hib #Apple #mac #MobileMe #iPhone #iPad',76771456696061952,'Macography','http://a0.twimg.com/profile_images/1295134285/20113103_pencil_logo_001_normal.png',0),(114,NULL,'2011-06-03 22:05:16','staffingpower','JobG8: Intern--Managed Assets (Akron, Ohio) RATE_LIMIT_EXCEEDED #Jobs',76771459564961792,'staffingpower','http://a2.twimg.com/profile_images/577138962/SP_normal.png',0),(115,NULL,'2011-06-03 22:05:17','AndroidYesMan','Adobe CEO Confident Android Tablets Will Beat iPad - InformationWeek http://bit.ly/lOwr0b #android',76771462773608448,'Android Yes Man','http://a1.twimg.com/profile_images/1315992680/androidyesman_normal.png',0),(116,NULL,'2011-06-03 22:05:17','staffingpower','JobG8: Manager Accounting & Asset Management (Cleveland, Ohio) RATE_LIMIT_EXCEEDED #Jobs',76771461079121920,'staffingpower','http://a2.twimg.com/profile_images/577138962/SP_normal.png',0),(117,NULL,'2011-06-03 22:05:18','staffingpower','JobG8: Full Time Teller Trainee, Galleria Branch (Cleveland, Ohio) RATE_LIMIT_EXCEEDED #Jobs',76771464799469568,'staffingpower','http://a2.twimg.com/profile_images/577138962/SP_normal.png',0),(118,NULL,'2011-06-03 22:05:17','staffingpower','JobG8: Purchasing & Operations Assistant (Maple Heights, Ohio) RATE_LIMIT_EXCEEDED #Jobs',76771462815547393,'staffingpower','http://a2.twimg.com/profile_images/577138962/SP_normal.png',0),(119,NULL,'2011-06-03 22:05:19','staffingpower','JobG8: Relationship Manager Trainee (Cleveland, Ohio) RATE_LIMIT_EXCEEDED #Jobs',76771468926656513,'staffingpower','http://a2.twimg.com/profile_images/577138962/SP_normal.png',0),(120,NULL,'2011-06-03 22:05:18','AndroidYesMan','No Stopping Android Juggernaut, Says comScore - PCWorld http://bit.ly/lIcxNS #android',76771467546722305,'Android Yes Man','http://a1.twimg.com/profile_images/1315992680/androidyesman_normal.png',0),(121,NULL,'2011-06-03 22:05:19','tmj_nct_adv','NEW! Digital Connectivity Planner - Mullen:  ( #WinstonSalem , NC) http://bit.ly/mabDs1 #Marketing #Jobs #Job #TweetMyJOBS',76771468935049216,'TMJ-NCT Advert. Jobs','http://a0.twimg.com/profile_images/1310973896/TMJ_logo_square2_sm_normal.jpg',0),(122,NULL,'2011-06-03 22:05:19','tmj_atl_recruit','Sourcing Analyst - Children\'s Healthcare of Atlanta:  ( #Atlanta , GA) http://bit.ly/imuIrU #chaojobs #Recruiting #Jobs #Job #TweetMyJOBS',76771470998642688,'Atlanta Recruit Jobs','http://a1.twimg.com/profile_images/1310972080/TMJ_logo_square2_sm_normal.jpg',0),(123,NULL,'2011-06-03 22:05:19','tmj_NEO_retail','NEW! Manpower: PT Merchandisers-Omaha & LincolnInterviewi... ( #Omaha , NE) http://bit.ly/maBSC9 #Manpower #JobsILove #Retail #Jobs #Job',76771471262883840,'TMJ-NEO Retail Jobs','http://a0.twimg.com/profile_images/1310968240/TMJ_logo_square2_sm_normal.jpg',0),(124,NULL,'2011-06-03 22:05:19','staffingpower','JobG8: Bilingual Account Specialists (Cleveland, Ohio) RATE_LIMIT_EXCEEDED #Jobs',76771471938162688,'staffingpower','http://a2.twimg.com/profile_images/577138962/SP_normal.png',0),(125,NULL,'2011-06-03 22:05:19','AndroidYesMan','HTC Developing Proprietary Android Apps - Appscout http://bit.ly/imJdRV #android',76771471862665216,'Android Yes Man','http://a1.twimg.com/profile_images/1315992680/androidyesman_normal.png',0),(126,NULL,'2011-06-03 22:05:20','staffingpower','JobG8: Project Manager (Detroit, Michigan) RATE_LIMIT_EXCEEDED #Jobs',76771473414557696,'staffingpower','http://a2.twimg.com/profile_images/577138962/SP_normal.png',0),(127,NULL,'2011-06-03 22:05:20','aus_fin_jobs','Medical Billing Clerk, ClaimCare #Jobs #Accounting/Finan #Austin http://mnstr.bz/jWV8Ms',76771473783668736,'AustinFinanceJobs','http://a3.twimg.com/profile_images/1232858662/monster_tweets_avitar_reasonably_small_normal.png',0),(128,NULL,'2011-06-03 22:05:20','AndroidYesMan','Android app brings cookie stealing to unwashed masses - Register http://bit.ly/k9yOB8 #android',76771476237320192,'Android Yes Man','http://a1.twimg.com/profile_images/1315992680/androidyesman_normal.png',0),(129,NULL,'2011-06-03 22:05:19','tmj_atl_recruit','Children\'s Healthcare of Atlanta: Recruiter. ( #Atlanta , GA) http://bit.ly/kqAjpr #chaojobs #Recruiting #Jobs #Job #TweetMyJOBS',76771472256942080,'Atlanta Recruit Jobs','http://a1.twimg.com/profile_images/1310972080/TMJ_logo_square2_sm_normal.jpg',0),(130,NULL,'2011-06-03 22:05:21','phl_man_jobs','MIG WELDER, Aerotek #Jobs #Manufacturing/Pr #Langhorne http://mnstr.bz/lXgDIw',76771476598042624,'PhlMfgJobs','http://a3.twimg.com/profile_images/1237819198/monster_tweets_avitar_reasonably_small_normal.png',0),(131,NULL,'2011-06-03 22:05:21','OmarOHelmy','iOS 5 http://t.co/PNVOlOV #iPhone',76771477260738560,'Omar Helmy','http://a2.twimg.com/profile_images/1347708894/n703427138_561105_3322_normal.jpg',0),(132,NULL,'2011-06-03 22:05:20','tmj_NH_LABOR','UPS: Package Handler - Part-Time ( #Nashua , NH) http://bit.ly/l8SxJr #Labor #Jobs #Job #TweetMyJOBS',76771475553652736,'TMJ-NH Labor Jobs','http://a3.twimg.com/profile_images/1295591711/TMJ_logo_square2_sm_normal.jpg',0),(133,NULL,'2011-06-03 22:05:20','_xavier_barber_','#iPads seem overrated to me. Its jus pretty much the same as the #iPhone and iPod',76771474979045376,'Xavier Barber','http://a1.twimg.com/profile_images/1314740239/AhSDsXpF_normal',0),(134,NULL,'2011-06-03 22:05:21','Green_Employers','Food Service Manager (Healthcare), Halton: Compass Group Canada (Burlington ON): \"...Position: F.. #green #jobs #canada http://bit.ly/jodj6r',76771480079314945,'Green Employers','http://a1.twimg.com/profile_images/1320244032/green_jobs_normal.jpg',0),(135,NULL,'2011-06-03 22:05:23','tmj_ATL_secure','Children\'s Healthcare of Atlanta: Security Officer, Egleston (Ni... ( #Atlanta , GA) http://bit.ly/iGtH5k #chaojobs #security #Jobs #Job',76771488077840384,'TMJ-ATL Security Job','http://a3.twimg.com/profile_images/1310967953/TMJ_logo_square2_sm_normal.jpg',0),(136,NULL,'2011-06-03 22:05:24','DB2locksmith','Thanks to recent headlines, it seems that database security is finally getting the attention it deserves.   #DB2 #Oracle #CISSP',76771490485387264,'Rebecca Bond','http://a1.twimg.com/profile_images/1164682719/DB2Locksmith_normal.jpg',0),(137,NULL,'2011-06-03 22:05:24','twtrme2','RT @JobsUnleashed: Find Customer Service jobs in Connecticut.  http://tiny.ly/dtcR  #Jobs',76771490791571456,'Eric P','http://a0.twimg.com/profile_images/314384830/twtr_Me2_logo_normal.jpg',0),(138,NULL,'2011-06-03 22:05:28','RBP_S','#lolwhut http://t.co/glhWVVm\nKoop dan op z\'n minst een #Android',76771508604776448,'Rob Stevens','http://a2.twimg.com/profile_images/1101279814/fb3fb7a2-293b-4220-9031-a93638347498_normal.png',0),(139,NULL,'2011-06-03 22:05:29','tmj_ATL_secure','Security Officer (PRN) - Children\'s Healthcare of Atlanta:  ( #Atlanta , GA) http://bit.ly/hBcP2n #chaojobs #security #Jobs #Job',76771510467039232,'TMJ-ATL Security Job','http://a3.twimg.com/profile_images/1310967953/TMJ_logo_square2_sm_normal.jpg',0),(140,NULL,'2011-06-03 22:05:28','Novagence','RT @jeffbullas: #Google Becomes More Social And It’s Hurting Your Business http://spr.ly/6014uABM #SocialMedia #SMM #SEO',76771509301018624,'Elise Bétrisey','http://a1.twimg.com/profile_images/742231143/photo_normal.jpg',0),(141,NULL,'2011-06-03 22:05:29','keralajobs12','#Freelance Modifications on two #iPhone apps by alberto1976: We have two apps that work like… http://goo.gl/fb/ducj1',76771513214316544,'keralajobs12','http://a1.twimg.com/profile_images/705090346/Freelancer_logogram_BW_on_white_small_normal.jpg',0),(142,NULL,'2011-06-03 22:05:29','OTGGamer','RT @LG_silentgenius: News : Un trailer pour Tiny Tower http://bit.ly/jTZyOm @NimbleBit #iPhone #iPad #GameCenter',76771513000398848,'Brett Nolan','http://a3.twimg.com/profile_images/1308185003/brett3_normal.jpg',0),(143,NULL,'2011-06-03 22:05:30','annedoggett','RT When we reach 10,000 Followers @savvycouponmom we will #Giveaway an #Apple #iPad2 (16GB-White)&(2) iPhone4 \'s(Verizon 16GB~Black) #Win',76771517026934784,'annette doggett','http://a2.twimg.com/profile_images/1361185261/c8b5504a-f099-4eac-88d2-31654da8f8a9_normal.png',0),(144,NULL,'2011-06-03 22:05:31','bestukjobs','Sales/Telesales Executive, Henley-on-Thames, Oxfordshire http://dgrjob.com/82743 #jobs',76771521187688448,'Jobs in Everything','http://a1.twimg.com/profile_images/1130148835/twitter_logo_normal.gif',0),(145,NULL,'2011-06-03 22:05:32','tmj_sat_hr','Equity Program Administrator - Accenture:  ( #SanAntonio , TX) http://bit.ly/juD9jr #HR #Jobs #Job #TweetMyJOBS',76771525008703488,'TMJ-SAT HR Jobs','http://a3.twimg.com/profile_images/1310983064/TMJ_logo_square2_sm_normal.jpg',0),(146,NULL,'2011-06-03 22:05:33','lincolnthree','RT @antonarhipov: #SeamForge has a nice plugin API. It was quite easy to get started',76771528708075521,'Lincoln Baxter III','http://a3.twimg.com/profile_images/1154338497/screenshot2_normal.png',0),(147,NULL,'2011-06-03 22:05:33','WorkIntegrity','>Important Business News> Apple Drops $100M+ On The Music Industry #apple @Darrell_A_Smith',76771527588184065,'Terry Del Percio','http://a1.twimg.com/profile_images/283086730/662720-R1-021-9_normal.jpg',0),(148,NULL,'2011-06-03 22:05:33','ohsirus','RT @droid_life The Difference Between The Top Ten #IPhone & Android Applications - http://goo.gl/txexQ #android #apple',76771528452227072,'Ohsirus','http://a1.twimg.com/profile_images/1265905977/android1299604405957_normal.png',0),(149,NULL,'2011-06-03 22:05:34','tmj_ak_mgmt','NEW! PFS Supv - Fairbanks Memorial Hospital:  ( #Fairbanks , Alaska) http://bit.ly/iyXnzF #BusinessMgmt #Jobs #Job #TweetMyJOBS',76771531103014912,'TMJ-AK Mgmt. Jobs','http://a0.twimg.com/profile_images/1310968383/TMJ_logo_square2_sm_normal.jpg',0),(150,NULL,'2011-06-03 22:05:34','AndrolibApps','#Android : Ron Brothers [V2.0] http://goo.gl/fb/bkCv9 #business',76771532256456704,'Androlib Apps','http://a1.twimg.com/profile_images/1139855691/rsz_android_apps.jpg_normal.jpeg',0),(151,NULL,'2011-06-03 22:05:34','AndrolibApps','#Android : Baby Names [V1.1] http://goo.gl/fb/K8HBA #education',76771533539913728,'Androlib Apps','http://a1.twimg.com/profile_images/1139855691/rsz_android_apps.jpg_normal.jpeg',0),(152,NULL,'2011-06-03 22:05:34','AndrolibApps','#Android : WOTP - Fit Cards - Free [V1.00.2] http://goo.gl/fb/yY02b #healthfitness',76771534793998337,'Androlib Apps','http://a1.twimg.com/profile_images/1139855691/rsz_android_apps.jpg_normal.jpeg',0),(153,NULL,'2011-06-03 22:05:34','xoSheri','RT @PurpleComm: CONGRATS @ClearCaptions on being named one of the \"Best #iPhone #Apps for #NYC Baby #Boomers\" by @CBS\' @EyeOnNY - http:/ ...',76771532440993792,'Sheri Ann Farinha','http://a3.twimg.com/profile_images/1241918933/Photo_on_2011-02-11_at_23.03_normal.jpg',0),(154,NULL,'2011-06-03 22:05:34','tmj_PHX_schn','Accenture: Consumer Goods and Services SAP Consultant ( #Phoenix , AZ) http://bit.ly/mqeiCC #SupplyChain #Jobs #Job #TweetMyJOBS',76771534093561857,'Phoenix S-Chain','http://a0.twimg.com/profile_images/1310966075/TMJ_logo_square2_sm_normal.jpg',0),(155,NULL,'2011-06-03 22:05:35','AndrolibApps','#Android : Bible [V1.1] http://goo.gl/fb/G3Jym #booksreference',76771538514354176,'Androlib Apps','http://a1.twimg.com/profile_images/1139855691/rsz_android_apps.jpg_normal.jpeg',0),(156,NULL,'2011-06-03 22:05:36','tmj_KAN_schn','Accenture: Consumer Goods and Services SAP Manager ( #KansasCity , MO) http://bit.ly/iuTAng #SupplyChain #Jobs #Job #TweetMyJOBS',76771539751669761,'KansasCity SupplyChn','http://a3.twimg.com/profile_images/1295583394/TMJ_logo_square2_sm_normal.jpg',0),(157,NULL,'2011-06-03 22:05:35','WebDesignMagz','OneSwipe IT All Company Meeting Tutorial | PHP Scripts http://bit.ly/kWl4np #php',76771536433971201,'Web Design Magazine','http://a2.twimg.com/profile_images/847318051/WebDesignMagz_normal.jpg',0),(158,NULL,'2011-06-03 22:05:36','AndrolibApps','#Android : John Bakker Soundboard [V1.0] http://goo.gl/fb/9AkZk #mediavideo',76771541165162496,'Androlib Apps','http://a1.twimg.com/profile_images/1139855691/rsz_android_apps.jpg_normal.jpeg',0),(159,NULL,'2011-06-03 22:05:36','AndrolibApps','#Android : Skeds [V1.0.1] http://goo.gl/fb/4v0iw #productivity',76771542679289856,'Androlib Apps','http://a1.twimg.com/profile_images/1139855691/rsz_android_apps.jpg_normal.jpeg',0),(160,NULL,'2011-06-03 22:05:37','AndrolibApps','#Android : 555 Calculator [V1.0] http://goo.gl/fb/GlqUz #productivity',76771544071811072,'Androlib Apps','http://a1.twimg.com/profile_images/1139855691/rsz_android_apps.jpg_normal.jpeg',0),(161,NULL,'2011-06-03 22:05:37','Ravenii','iPhone Passes Blackberry in Smarphone Marketshare, But #Android Is Still Way Ahead Of Both Of… http://goo.gl/fb/ojg8i',76771543887253504,'Ravenii','http://a1.twimg.com/profile_images/352197077/raven2_normal.jpg',0),(162,NULL,'2011-06-03 22:05:37','AndrolibApps','#Android : Family Cats Lights Sparkling [V1.0] http://goo.gl/fb/0RsKU #personalization',76771545376231424,'Androlib Apps','http://a1.twimg.com/profile_images/1139855691/rsz_android_apps.jpg_normal.jpeg',0),(163,NULL,'2011-06-03 22:05:37','tmj_sfo_recruit','Accenture: HCM Systems Senior Manager ( #SanFrancisco , CA) http://bit.ly/eu15ik #Recruiting #Jobs #Job #TweetMyJOBS',76771546617745408,'SF Recruiting Jobs','http://a1.twimg.com/profile_images/1310972135/TMJ_logo_square2_sm_normal.jpg',0),(164,NULL,'2011-06-03 22:05:38','tmj_atl_recruit','Accenture: HCM Systems Senior Manager ( #Atlanta , GA) http://bit.ly/gf08qI #Recruiting #Jobs #Job #TweetMyJOBS',76771548232552448,'Atlanta Recruit Jobs','http://a1.twimg.com/profile_images/1310972080/TMJ_logo_square2_sm_normal.jpg',0),(165,NULL,'2011-06-03 22:05:38','tmj_PHX_schn','Consumer Goods and Services SAP Manager - Accenture:  ( #Phoenix , AZ) http://bit.ly/mPgqBT #SupplyChain #Jobs #Job #TweetMyJOBS',76771549469872128,'Phoenix S-Chain','http://a0.twimg.com/profile_images/1310966075/TMJ_logo_square2_sm_normal.jpg',0),(166,NULL,'2011-06-03 22:05:39','reyjrar','#Baltimore #Perl Mongers site updated with Schedule and News! http://t.co/fKEZQpH Free eBooks to All Attendees + more!',76771552355549184,'Brad Lhotsky','http://a2.twimg.com/profile_images/1202789502/AnotherMe_normal.jpg',0),(167,NULL,'2011-06-03 22:05:39','TYMUL','Damn the Microsoft keynote for E3 is up against Mr Jobs keynote at WWDC on Monday #geeknightmare #apple',76771553399934976,'Tyrone Mulvenna','http://a1.twimg.com/profile_images/1182410692/e329e3ed-9fd0-489e-aea9-17607fad4900_normal.png',0),(168,NULL,'2011-06-03 22:05:39','ProdeegUseria','RT @jobschicago: Communication Specialist - Chicago, IL: Details: Hudson is a publicly-traded, global market leader... http://cb.com/jiz ...',76771552116486144,'Prodeeg Useria','http://a3.twimg.com/sticky/default_profile_images/default_profile_0_normal.png',0),(169,NULL,'2011-06-03 22:05:39','ProfUnrat','Just updated Titanium Backup http://appaware.org/66 on my #Android #HTCDesire - by #AppAware',76771554964410368,'Markus Rödl','http://a2.twimg.com/profile_images/1133601358/pyM6z01e_normal',0),(170,NULL,'2011-06-03 22:05:40','tmj_dfw_recruit','Accenture: HCM Systems Senior Manager ( #Dallas , TX) http://bit.ly/lSSFxd #Recruiting #Jobs #Job #TweetMyJOBS',76771557774602240,'TMJ-DFW Recruit Jobs','http://a2.twimg.com/profile_images/1310972105/TMJ_logo_square2_sm_normal.jpg',0),(171,NULL,'2011-06-03 22:05:39','tmj_az_nursing','RN-ED Perdiem - Banner Ironwood Medical Center:  ( #SanTanValley , Arizona) http://bit.ly/mNwosQ #Nursing #Jobs #Job #TweetMyJOBS',76771555195097088,'Arizona Nursing Jobs','http://a3.twimg.com/profile_images/1295603868/TMJ_logo_square2_sm_normal.jpg',0),(172,NULL,'2011-06-03 22:05:39','iphonefrozen','Why the iPhone Sound problem? http://www.iphonefrozen.com/339/why-the-iphone-sound-problem/ #iPhone',76771555488698368,'iPhone Frozen','http://a3.twimg.com/profile_images/1252144321/iPhone-Frozen_normal.jpg',0),(173,NULL,'2011-06-03 22:05:40','tmj_nv_mgmt','Social Worker - Banner Churchill Community Hospital:  ( #Fallon , Nevada) http://bit.ly/gusOzr #BusinessMgmt #Jobs #Job #TweetMyJOBS',76771559699775488,'TMJ-NV Mgmt. Jobs','http://a3.twimg.com/profile_images/1310968350/TMJ_logo_square2_sm_normal.jpg',0),(174,NULL,'2011-06-03 22:05:44','sarinoah','RT @SwinkCreative: Anders verkoop je je nier voor een #iPad en #iPhone ...hoe ziek is dat! @rtlNieuws',76771575684268032,'Noah Sarioä','http://a3.twimg.com/profile_images/1342424529/292840779_normal.jpg',0),(175,NULL,'2011-06-03 22:05:45','ryansavaiano','#Google Shopper for #Android has been updated to include what I can only guess as #GoogleOffers.',76771577823367171,'Ryan Savaiano','http://a2.twimg.com/profile_images/1317615516/DSC02140_-_Copy_normal.JPG',0),(176,NULL,'2011-06-03 22:05:45','ljn_was_edu','Summer Intern - AT&T   #Columbia, MD http://DCJobs.com/j/2359709 #jobs #ljn #job',76771578007924737,'WAS Education Jobs','http://a1.twimg.com/profile_images/1158083024/Briefcase_80x80__normal.png',0),(177,NULL,'2011-06-03 22:05:45','MacworldUK','RT: #FileMakerGo for #iPad review - #iPod/#iPhone - @MacworldUK http://t.co/TdEicm4 (via @UKFileMaker)',76771578955841536,'Macworld UK','http://a0.twimg.com/profile_images/926993211/Macworld-Logo-512-x512_normal.jpg',0),(178,NULL,'2011-06-03 22:05:45','Scottad0','is a VIP on Original Gangstaz on my iPhone! Click the link to join my gang http://bit.ly/originalgz #iphone #ipod #ipad #OG',76771580688076800,'Anthony Scott Jr.','http://a2.twimg.com/profile_images/1302930762/image_normal.jpg',0),(179,NULL,'2011-06-03 22:05:46','willrelo','OPM Investigator (PT Contractor) - KeyPoint Government Solutions -  Las Vegas, NV: Relocation as... http://bit.ly/iX56xw #jobs #willrelo',76771582768447488,'Will Relocate','http://a2.twimg.com/profile_images/1331776601/relocation_normal.JPG',0),(180,NULL,'2011-06-03 22:05:46','willrelo','OPM Investigator (PT Contractor) - KeyPoint Government Solutions -  Wichita Falls, TX: Relocatio... http://bit.ly/iQZXVA #jobs #willrelo',76771583699591168,'Will Relocate','http://a2.twimg.com/profile_images/1331776601/relocation_normal.JPG',0),(181,NULL,'2011-06-03 22:05:45','willrelo','OPM Investigator (PT Contractor) - KeyPoint Government Solutions -  San Francisco, CA: Relocatio... http://bit.ly/kMktL9 #jobs #willrelo',76771580797124608,'Will Relocate','http://a2.twimg.com/profile_images/1331776601/relocation_normal.JPG',0),(182,NULL,'2011-06-03 22:05:46','willrelo','OPM Investigator (PT Contractor) - KeyPoint Government Solutions -  Carlsbad, NM: Relocation ass... http://bit.ly/igGVKd #jobs #willrelo',76771581774401536,'Will Relocate','http://a2.twimg.com/profile_images/1331776601/relocation_normal.JPG',0),(183,NULL,'2011-06-03 22:05:46','JobsLDNIT','#jobs #IT Junior QA Test Analyst / QA Test Analyst . Software Testing: London-London area, A national le... http://bit.ly/lsKQ1q #london',76771585339559936,'JobsLDNIT','http://a2.twimg.com/profile_images/669338092/Mlogo_purple_copy_normal.jpg',0),(184,NULL,'2011-06-03 22:05:46','willrelo','OPM Investigator (PT Contractor) - KeyPoint Government Solutions -  Ashburn, VA: Relocation assi... http://bit.ly/jiOSO7 #jobs #willrelo',76771584605569024,'Will Relocate','http://a2.twimg.com/profile_images/1331776601/relocation_normal.JPG',0),(185,NULL,'2011-06-03 22:05:47','tmj_SAC_schn','Consumer Goods and Services SAP Manager - Accenture:  ( #Sacramento , CA) http://bit.ly/lBORfp #SupplyChain #Jobs #Job #TweetMyJOBS',76771586128093184,'Sacramento S-Chain','http://a2.twimg.com/profile_images/1310966073/TMJ_logo_square2_sm_normal.jpg',0),(186,NULL,'2011-06-03 22:05:47','eBC_Jobs_SW','Bay Area: Director of SEC -  (San Jose) http://bit.ly/jCCOEp #eBC #Jobs',76771586216169472,'eBC Jobs Southwest','http://a3.twimg.com/profile_images/786566113/eBayClassifiedsWeb_73x73_normal.png',0),(187,NULL,'2011-06-03 22:05:47','eBC_Jobs_SW','Bay Area: Needed Now-Director of Regulatory Management -  (San Francisco) http://bit.ly/irXKoT #eBC #Jobs',76771587247976448,'eBC Jobs Southwest','http://a3.twimg.com/profile_images/786566113/eBayClassifiedsWeb_73x73_normal.png',0),(188,NULL,'2011-06-03 22:05:47','ITJobsTweet','.NET Developer - ASP.NET Developer - C# Developer job in Berkshire at Opus Recruitment Solutions Ltd http://bit.ly/k8Cgnj #jobs #it #.net',76771587394764800,'JobHits-IT','http://a2.twimg.com/profile_images/329396354/JobHitsIT64x64_normal.png',0),(189,NULL,'2011-06-03 22:05:47','ITJobsTweet','.NET Developer - ASP.NET Developer - C# Developer job in Berkshire at Opus Recruitment Solutions Ltd http://bit.ly/k8Cgnj #jobs #it #.net',76771587445104640,'JobHits-IT','http://a2.twimg.com/profile_images/329396354/JobHitsIT64x64_normal.png',0),(190,NULL,'2011-06-03 22:05:47','andersonmarin','RT @dbordini: #Interop : #Hyper-v e #Linux: http://youtu.be/m1Dk_kb8dEk',76771587470278656,'Anderson Matozinhos','http://a0.twimg.com/profile_images/1155071487/DSC00656_normal.JPG',0),(191,NULL,'2011-06-03 22:05:48','KOLearyWW','RT @chrisjhorn: Why #Google may be (is ?..) doomed.  And #Facebook will rule OK.  http://tcrn.ch/l9mI8A (by @TechCrunch)',76771593262604288,'Karl O\'Leary','http://a2.twimg.com/profile_images/1162087980/KOL_Badge_Pic_normal.jpg',0),(192,NULL,'2011-06-03 22:05:49','Techme101','Steve Jobs talks iCloud, iOS 5, OS X Lion and more at WWDC, liveblog starts at 10AM PT...  http://twlv.net/cUh1B6 #socialmedia #tech #apple',76771594176962561,'Techme101','http://a2.twimg.com/profile_images/1133158215/twitter-avatar_normal.jpg',0),(193,NULL,'2011-06-03 22:05:48','achaddick','RT @SWALesA: New #jobs @SouthwestAir in TX, MN, NY & CO.  Even 1 for an #Advertising #Intern. Do you have what it takes? Good luck! http ...',76771592490844160,'Ashley Chaddick','http://a1.twimg.com/profile_images/1276966141/clearwater_normal.jpg',0),(194,NULL,'2011-06-03 22:05:50','tmj_KAN_schn','Consumer Goods and Services SAP Consultant - Accenture:  ( #KansasCity , MO) http://bit.ly/kOHAjb #SupplyChain #Jobs #Job #TweetMyJOBS',76771598723584000,'KansasCity SupplyChn','http://a3.twimg.com/profile_images/1295583394/TMJ_logo_square2_sm_normal.jpg',0),(195,NULL,'2011-06-03 22:05:49','Indianapolis_IT','Oracle Applications Developer - Indianapolis, IN #job #jobs #hiring #career http://bit.ly/ilrowC',76771597679202304,'Indianapolis IT jobs','http://a0.twimg.com/profile_images/1170444221/social_logo_star_us_jobs_normal.gif',0),(196,NULL,'2011-06-03 22:05:51','internshipjob','eSupply Systems: Social Media Assistant  ( #SanAntonio , TX) http://bit.ly/kgdVcZ  #Intern #Jobs #Job #TweetMyJOBS',76771603802886145,'internships','http://a2.twimg.com/profile_images/1113896063/internships_square_normal.jpg',0),(197,NULL,'2011-06-03 22:05:51','internshipjob','Society For Animal Rescue and Ad...: Animal Caretaker ( #Seguin , TX) http://bit.ly/mCGXfa  #Intern #Jobs #Job #TweetMyJOBS',76771604738211840,'internships','http://a2.twimg.com/profile_images/1113896063/internships_square_normal.jpg',0),(198,NULL,'2011-06-03 22:05:51','sorrel1985','just reached level 65 on Original Gangstaz on my iPhone! Click the link to join my gang http://bit.ly/originalgz #iphone #ipod #ipad #OG',76771604943745024,'sorrel buchanan','http://a2.twimg.com/profile_images/1161710306/soz_normal.jpg',0),(199,NULL,'2011-06-03 22:05:52','tmj_SAC_schn','Consumer Goods and Services SAP Consultant - Accenture:  ( #Sacramento , CA) http://bit.ly/j5cNR6 #SupplyChain #Jobs #Job #TweetMyJOBS',76771607183495168,'Sacramento S-Chain','http://a2.twimg.com/profile_images/1310966073/TMJ_logo_square2_sm_normal.jpg',0),(200,NULL,'2011-06-03 22:05:52','GetHVACJobs','HVAC Technician journeyman - #Casper , WY (http://tinyurl.com/3hfmu5z) Get HVAC Jobs #HVAC #jobs #job #GetAllJobs',76771608169164800,'Get HVAC Jobs','http://a2.twimg.com/profile_images/65617979/G_normal.png',0),(201,NULL,'2011-06-03 22:05:52','indiancomet','RT @poojakashyap: Looking for social media marketing profile, contact @digbijoy for @ennovent. Pls RT, thanks! #jobs',76771607204474883,'Gaurav Singh Faujdar','http://a0.twimg.com/profile_images/1371433891/IMG_20070223_0275_1_normal.JPG',0),(202,NULL,'2011-06-03 22:05:53','tmj_cal_mgmt','NEW! Accenture: Financial Services - Commercial Lending Manager ( #Calgary , Alberta) http://bit.ly/iMwsnI #BusinessMgmt #Jobs #Job',76771612048896000,'TMJ-CAL Mgmt. Jobs','http://a3.twimg.com/profile_images/1310979576/TMJ_logo_square2_sm_normal.jpg',0),(203,NULL,'2011-06-03 22:05:55','bearclaw92','Does anybody have a Droid Incredible they are willing to trade for a droid 2 global? #android',76771619741245440,'Chris Bercaw','http://a3.twimg.com/profile_images/1022106381/e0d4b266-15a2-4e92-857d-6c77ca04a01a_normal.png',0),(204,NULL,'2011-06-03 22:05:56','tmj_VAF_health','SAP CCS System Specialist (C) - Accenture:  ( #Reston , VA) http://bit.ly/jJgW1h #Healthcare #Jobs #Job #TweetMyJOBS',76771624464035840,'TMJ-VAF Health Jobs','http://a3.twimg.com/profile_images/1310967760/TMJ_logo_square2_sm_normal.jpg',0),(205,NULL,'2011-06-03 22:05:55','resarias','RT @linuxfoundation: Original: Weekend Project: Write and Publish eBooks on Linux with Sigil http://bit.ly/mfrcVZ #linux',76771622203301888,'R3x','http://a2.twimg.com/profile_images/1186114402/sift_normal.jpeg',0),(206,NULL,'2011-06-03 22:05:55','tmj_BC_it','NEW! Lawson Developer Analyst - Accenture:  ( #Vancouver , British Columbia) http://bit.ly/iz4OUm #IT #Jobs #Job #TweetMyJOBS',76771622559809536,'TMJ-BC IT Jobs','http://a3.twimg.com/profile_images/1310966311/TMJ_logo_square2_sm_normal.jpg',0),(207,NULL,'2011-06-03 22:05:57','tmj_VAF_health','Healthcare - EPIC Solutions Consultant/Manager ++ - Accenture:  ( #Reston , VA) http://bit.ly/ijhuRZ #Healthcare #Jobs #Job #TweetMyJOBS',76771629614641152,'TMJ-VAF Health Jobs','http://a3.twimg.com/profile_images/1310967760/TMJ_logo_square2_sm_normal.jpg',0),(208,NULL,'2011-06-03 22:05:57','gegastaldi','RT @antonarhipov: #SeamForge has a nice plugin API. It was quite easy to get started',76771629358780416,'George Gastaldi','http://a3.twimg.com/profile_images/846196869/pt_normal.jpg',0),(209,NULL,'2011-06-03 22:05:59','Bluelans','#Android HTC Developing Proprietary Android Apps - Appscout http://goo.gl/fb/pNiYZ',76771639114743808,'Sciphone (Skyphones)','http://a1.twimg.com/profile_images/673619080/Bluelans_maker_of_Sciphone_Twitter_Background_normal.png',0),(210,NULL,'2011-06-03 22:06:00','Bluelans','#Android Android app brings cookie stealing to unwashed masses - Register http://goo.gl/fb/8GTl3',76771640435937280,'Sciphone (Skyphones)','http://a1.twimg.com/profile_images/673619080/Bluelans_maker_of_Sciphone_Twitter_Background_normal.png',0),(211,NULL,'2011-06-03 22:06:00','Bluelans','#Android Adobe CEO Confident Android Tablets Will Beat iPad - InformationWeek http://goo.gl/fb/7O7ST',76771641589366785,'Sciphone (Skyphones)','http://a1.twimg.com/profile_images/673619080/Bluelans_maker_of_Sciphone_Twitter_Background_normal.png',0),(212,NULL,'2011-06-03 22:06:01','SocialMediaJob_','Social Media Marketing Coordinator - JK Moving & Storage -  Sterling, VA: prepares, and updat... http://bit.ly/kkCl0h #social #job #jobs',76771645683011584,'Social Media Job','http://a2.twimg.com/profile_images/773384973/social-media-marketing-in-india-indian-social-media-social-media-pr-online-pr-social-media-professional-crisis-pr_normal.jpg',0),(213,NULL,'2011-06-03 22:06:01','Bluelans','#Android No Stopping Android Juggernaut, Says comScore - PCWorld http://goo.gl/fb/2Zciv',76771647784361984,'Sciphone (Skyphones)','http://a1.twimg.com/profile_images/673619080/Bluelans_maker_of_Sciphone_Twitter_Background_normal.png',0),(214,NULL,'2011-06-03 22:06:02','MI_Kalamazoo','#Jobs Owner Operator at United Vision Logistics (Kalamazoo, MI) http://dlvr.it/V0nHZ #Kalamazoo #MI',76771651395661825,'Kalamazoo MI','http://a1.twimg.com/profile_images/1375496246/imagesCA4MPSO3_bigger_1__normal.jpg',0),(215,NULL,'2011-06-03 22:06:02','josenaves','RT @developerworks: Create #Smartphone #applications using #Android - #Scala & #Eclipse > http://su.pr/1BMagI #Mobile #Webdev #webapp ...',76771651777335298,'josenaves','http://a0.twimg.com/profile_images/70908551/neto_normal.jpg',0),(216,NULL,'2011-06-03 22:06:03','jaysamit','As of today\'s market close #Apple worth more than #Microsoft & #Intel combined.  Who could have ever predicted that. AMAZING Job Mr. #Jobs.',76771652817530881,'Jay Samit','http://a2.twimg.com/profile_images/1368886725/Screen_shot_2011-05-25_at_1.55.29_PM_normal.png',0),(217,NULL,'2011-06-03 22:06:03','USCareerList','Now #Hiring Permanent Psychiatrist Job Corrections at Soliant Health (Savannah, GA)  #job,#jobs,#hire',76771653635420160,'USCareerList.com','http://a0.twimg.com/profile_images/1262205364/uscareerlist_tm_trans_normal.png',0),(218,NULL,'2011-06-03 22:06:03','Bakersfield_Wk','Bakersfield Jobs: Bakersfield, CA COTA Opportunity at Soliant Health (Bakersfield, CA): Opportunity near... http://dlvr.it/V0nK7 #Jobs',76771655057289216,'Bakersfield Jobs USA','http://a2.twimg.com/profile_images/1124456054/Search4_logo_magnifying_glass_normal.PNG',0),(219,NULL,'2011-06-03 22:06:02','USCareerList','Now #Hiring Business Acct Exec 1, SMB Direct Sales at Comcast (Savannah, GA)  #job,#jobs,#hire',76771652192567296,'USCareerList.com','http://a0.twimg.com/profile_images/1262205364/uscareerlist_tm_trans_normal.png',0),(220,NULL,'2011-06-03 22:06:02','JobsDirectUSA','#tampa #jobs Front Desk Agent - Hilton Worldwide -  Tampa, FL  http://bit.ly/9ge5a8',76771652070932480,'JobsDirectUSA.com','http://a2.twimg.com/profile_images/1363816036/twitter_normal.png',0),(221,NULL,'2011-06-03 22:06:03','rach_stafford','RT @gameloft: 2 organizations, 3 secret agents. Uncover a plot that may change the fate of humanity #iPhone #iPad #Android Trailer: http ...',76771653484417024,'Rachelle Stafford','http://a0.twimg.com/profile_images/1259767169/elements_normal.jpg',0),(222,NULL,'2011-06-03 22:06:03','GetSecretarJobs','General Office Assistant - #Harrisonburg , VA (http://tinyurl.com/3r8shn4) Get Secretarial Jobs #Secretarial #jobs #job #GetAllJobs',76771655657066496,'Get Secretarial Jobs','http://a2.twimg.com/profile_images/65855152/G_normal.png',0),(223,NULL,'2011-06-03 22:06:06','aslakknutsen','noise noise noise #SeamForge noise #SeamForge ! :)',76771665975062529,'Aslak Knutsen','http://a1.twimg.com/profile_images/532200435/aslak_twitter_normal.jpg',0),(224,NULL,'2011-06-03 22:06:06','KY_Lexington','Certified Nursing Assistants at Kindred Healthcare (Winchester, KY) http://dlvr.it/V0nLp #Jobs',76771665618550784,'KY_Lexington','http://a1.twimg.com/profile_images/1241469138/imagesCA4MPSO3_bigger_1__normal.jpg',0),(225,NULL,'2011-06-03 22:06:07','usajobsparadise','#miami #jobs Clerk-Front Desk http://tiny.ly/qxPo',76771670865616897,'USA Jobs Paradise','http://a1.twimg.com/profile_images/1373408765/855_normal.jpg',0),(226,NULL,'2011-06-03 22:06:07','AL_Dothan','Sales Trainer III at Centurylink (Dothan, AL) http://dlvr.it/V0nN5 #Jobs #Dothan',76771671427661824,'Dothan Alabama','http://a3.twimg.com/profile_images/855610607/imagesCA4MPSO3_normal.jpg',0),(227,NULL,'2011-06-03 22:06:07','Jesper82dk','is a VIP on Original Gangstaz on my iPhone! Click the link to join my gang http://bit.ly/originalgz #iphone #ipod #ipad #OG',76771673537380352,'Jesper','http://a1.twimg.com/sticky/default_profile_images/default_profile_2_normal.png',0),(228,NULL,'2011-06-03 22:06:09','GetCivEnginJobs','Project Engineer - #Danvers , MA (http://tinyurl.com/3n2uofd) Get Civil Engineering Jobs #CivilEngineering #jobs #job #GetAllJobs',76771678939656192,'GetCivEnginJobs','http://a2.twimg.com/profile_images/65499735/G_normal.png',0),(229,NULL,'2011-06-03 22:06:09','linuxmisc','#linux #mm  Re: [patch 8/8] mm: make per-memcg lru lists exclusive http://dlvr.it/V0nPN',76771679237451776,'Linux Misc.','http://a2.twimg.com/profile_images/927999448/angsana-new-duck_normal.png',0),(230,NULL,'2011-06-03 22:06:09','AllAtlantaNews','Sourcing Analyst - Children\'s Healthcare of Atlanta: ( #Atlanta , GA) http://bit.ly/imuIrU #chaojobs #Recruiting #Jobs #Job #TweetMyJOBS',76771680000815105,'All Atlanta News','http://a0.twimg.com/profile_images/1367016165/atlanta_001p_normal.jpg',0),(231,NULL,'2011-06-03 22:06:09','nyc_jobboard','#JobChatr #Jobs  Senior Staff Attorney - NYC for The Hartford (New York, NY) http://jobch.at/V0nPW #NewYork',76771681254907905,'NYC Jobs','http://a2.twimg.com/sticky/default_profile_images/default_profile_3_normal.png',0),(232,NULL,'2011-06-03 22:06:10','nyc_jobboard','#JobChatr #Jobs  Bloomberg - Bank Debt Market Specialist for Bloomberg (New York, NY) http://jobch.at/V0nPy #NewYork',76771684278992896,'NYC Jobs','http://a2.twimg.com/sticky/default_profile_images/default_profile_3_normal.png',0),(233,NULL,'2011-06-03 22:06:11','nyc_jobboard','#JobChatr #Jobs  Regional Sales Specialist - MCL - NYC Metro for AstraZeneca (New York, NY) http://jobch.at/V0nQf #NewYork',76771687701561344,'NYC Jobs','http://a2.twimg.com/sticky/default_profile_images/default_profile_3_normal.png',0),(234,NULL,'2011-06-03 22:06:11','discoFMnl','On air: Spargo - You And Me. #Apple #IPhone #IPad user? Download our #disco #webradio #app for free! Visit #AppStore !',76771689106636801,'discoFM .nl','http://a0.twimg.com/profile_images/1088540985/discofm_normal.png',0),(235,NULL,'2011-06-03 22:06:12','nyc_jobboard','#JobChatr #Jobs  Sales Coordinator for The Hertz Corporation (Fairfield, NJ) http://jobch.at/V0nR6 #NewYork',76771691191214080,'NYC Jobs','http://a2.twimg.com/sticky/default_profile_images/default_profile_3_normal.png',0),(236,NULL,'2011-06-03 22:06:12','UPSjobs_Sales','UPS: Admin Assistant I ( #Cleveland , OH) http://bit.ly/m5PcR7 #UPSjobs #logistics  #Transportation #Jobs #Job #TweetMyJOBS',76771691493212160,'UPS Sales Jobs','http://a1.twimg.com/profile_images/1219496511/global_logo_normal.gif',0),(237,NULL,'2011-06-03 22:06:12','WorkAtMullen','Mullen: Digital Connectivity Planner ( #WinstonSalem , NC) http://bit.ly/mabDs1  #Marketing #Jobs #Job #TweetMyJOBS',76771692432723968,'Work@Mullen','http://a2.twimg.com/profile_images/1081863763/mullen_normal.png',0),(238,NULL,'2011-06-03 22:06:12','nyc_jobboard','#JobChatr #Jobs  SAP Authorization Administrator for Volt Information Sciences (New York, NY) http://jobch.at/V0nRh #NewYork',76771692894109697,'NYC Jobs','http://a2.twimg.com/sticky/default_profile_images/default_profile_3_normal.png',0),(239,NULL,'2011-06-03 22:06:12','nyc_jobboard','#JobChatr #Jobs  Part time-Greeter for Hyatt (Jersey City, NJ) http://jobch.at/V0nS3 #NewYork',76771694550851585,'NYC Jobs','http://a2.twimg.com/sticky/default_profile_images/default_profile_3_normal.png',0),(240,NULL,'2011-06-03 22:06:13','nyc_jobboard','#JobChatr #Jobs  Sales Planner - Entertainment for Turner Broadcasting (New York, NY) http://jobch.at/V0nSX #NewYork',76771698694828032,'NYC Jobs','http://a2.twimg.com/sticky/default_profile_images/default_profile_3_normal.png',0),(241,NULL,'2011-06-03 22:06:13','mellamohoracio','RT @gameloft: It\'s #FreeGameFriday ! RT & follow @Gameloft :10 #FREE Gameloft #iPhone #iPod & #iPad games of your choice to win every Fr ...',76771694940930048,'Hong-Gyu Lee','http://a3.twimg.com/sticky/default_profile_images/default_profile_0_normal.png',0),(242,NULL,'2011-06-03 22:06:14','JBVr','@mirandastweets We kunnen altijd nog een nier verkopen...:S #china #iphone #ipad',76771699818889216,'Jettie *RT account*','http://a0.twimg.com/profile_images/1374153635/profiel_normal.JPG',0),(243,NULL,'2011-06-03 22:06:14','NBSoftwareStore','New blog post: Universal signs licensing agreement with Apple  http://bit.ly/jV1TSn #apple #icloud',76771701391757313,'NothingButSoftware','http://a0.twimg.com/profile_images/229526110/logo_ring4_normal.gif',0),(244,NULL,'2011-06-03 22:06:14','nyc_jobboard','#JobChatr #Jobs  Teller (Part-Time) 30 Hours - Orangeburg, NY for JPMorgan Chase (Orangeburg, NY) http://jobch.at/V0nTX #NewYork',76771702004121600,'NYC Jobs','http://a2.twimg.com/sticky/default_profile_images/default_profile_3_normal.png',0),(245,NULL,'2011-06-03 22:06:14','GetHoHeAideJobs','Spec Care (CNA) - #Charlottesville , VA (http://tinyurl.com/3oooqx9) Get Home Health Aide Jobs #HomeHealthAide #jobs #job #GetAllJobs',76771702239010816,'GetHoHeAideJobs','http://a2.twimg.com/profile_images/65617219/G_normal.png',0),(246,NULL,'2011-06-03 22:06:15','wordpresss','#php #freelance Redirect & Exit Pop Up Script - Advanced PHP Programmer! by wk12345: I need someone to make a cu... http://bit.ly/iPaLag',76771703295975424,'Wordpress','http://a2.twimg.com/profile_images/643886198/3_normal.png',0),(247,NULL,'2011-06-03 22:06:15','JoomlaFreelance','#php #freelance Redirect & Exit Pop Up Script - Advanced PHP Programmer! by wk12345: I need someone to make a cu... http://bit.ly/iPaLag',76771702993981440,'Joomla Freelance ','http://a1.twimg.com/profile_images/637022579/2_normal.png',0),(248,NULL,'2011-06-03 22:06:15','wordpresss','#php #freelance WEB DESIGNER NEEDED FOR IMMEDIATE WORK by hmxent: We are an independent entertainment company lo... http://bit.ly/jHR2cq',76771704583630849,'Wordpress','http://a2.twimg.com/profile_images/643886198/3_normal.png',0),(249,NULL,'2011-06-03 22:06:15','fleetwoodnat','Joomla component project help http://7li.in/4T3 #jobs #Freelance #job',76771705330221056,'NNNN','http://a3.twimg.com/profile_images/1355090054/45798_149892911707439_100000601922624_348823_6971603_n-11_normal.jpg',0),(250,NULL,'2011-06-03 22:06:15','wordpresss','#php #freelance Texts From Last Night but better by ibossx: Alright, I have an idea in my head and I have all th... http://bit.ly/iMXATB',76771705724477440,'Wordpress','http://a2.twimg.com/profile_images/643886198/3_normal.png',0),(251,NULL,'2011-06-03 22:06:15','JoomlaFreelance','#php #freelance Texts From Last Night but better by ibossx: Alright, I have an idea in my head and I have all th... http://bit.ly/iMXATB',76771705045008384,'Joomla Freelance ','http://a1.twimg.com/profile_images/637022579/2_normal.png',0),(252,NULL,'2011-06-03 22:06:15','IdealistJobsDC','Web Campaign Manager http://bit.ly/mUzz48 #jobs',76771706282328065,'Idealist Jobs DC','http://a3.twimg.com/profile_images/213838230/dc_normal.jpg',0),(253,NULL,'2011-06-03 22:06:15','wordpresss','#php #freelance Silverlight Pie Chart by rstorti: We require the development of a 3D pie Chart for our silverlig... http://bit.ly/kJkVkP',76771706814988288,'Wordpress','http://a2.twimg.com/profile_images/643886198/3_normal.png',0),(254,NULL,'2011-06-03 22:06:14','joblistingspdr','Job Opening, SPLOST Administrator Projects Jonesboro, GA #Jobs #Hiring #GA http://bit.ly/k4qjXM',76771702402584576,'Job Listing Spider','http://a1.twimg.com/profile_images/265527165/joblistingspidr-icon_normal.gif',0),(255,NULL,'2011-06-03 22:06:14','nyc_jobboard','#JobChatr #Jobs  VP Sales Research, Style and Sprout for NBC Universal (New York City, NY) http://jobch.at/V0nTk #NewYork',76771702964629504,'NYC Jobs','http://a2.twimg.com/sticky/default_profile_images/default_profile_3_normal.png',0),(256,NULL,'2011-06-03 22:06:16','wordpresss','#php #freelance Uniqe promoting software by Robbin86: Hi!    For my next project im looking for someone that can... http://bit.ly/mPwMkr',76771707817435136,'Wordpress','http://a2.twimg.com/profile_images/643886198/3_normal.png',0),(257,NULL,'2011-06-03 22:06:15','bgyger','@matthewlhorsley big question dude, what do you want to learn?  #google is your friend w/ this, or ask the Twitterverse about #cloud.',76771704910774272,'Brad Gyger','http://a2.twimg.com/profile_images/59487764/s611198844_156701_2906_normal.jpg',0),(258,NULL,'2011-06-03 22:06:15','JoomlaFreelance','#php #freelance Uniqe promoting software by Robbin86: Hi!    For my next project im looking for someone that can... http://bit.ly/mPwMkr',76771707171512320,'Joomla Freelance ','http://a1.twimg.com/profile_images/637022579/2_normal.png',0),(259,NULL,'2011-06-03 22:06:15','JoomlaFreelance','#php #freelance WEB DESIGNER NEEDED FOR IMMEDIATE WORK by hmxent: We are an independent entertainment company lo... http://bit.ly/jHR2cq',76771704034168833,'Joomla Freelance ','http://a1.twimg.com/profile_images/637022579/2_normal.png',0),(260,NULL,'2011-06-03 22:06:15','JoomlaFreelance','#php #freelance Silverlight Pie Chart by rstorti: We require the development of a 3D pie Chart for our silverlig... http://bit.ly/kJkVkP',76771706148106240,'Joomla Freelance ','http://a1.twimg.com/profile_images/637022579/2_normal.png',0),(261,NULL,'2011-06-03 22:06:17','vinothtweets','#mac Black Pixel acquires NetNewsWire http://zah.cc/s/aDY #apple',76771711885918208,'vintweet','http://a3.twimg.com/sticky/default_profile_images/default_profile_4_normal.png',0),(262,NULL,'2011-06-03 22:06:17','vinothtweets','#mac Black Pixel acquires NetNewsWire http://zah.cc/s/OB5 #apple',76771714779987970,'vintweet','http://a3.twimg.com/sticky/default_profile_images/default_profile_4_normal.png',0),(263,NULL,'2011-06-03 22:06:17','ZuluJobsNC','NC Jobs | Onsite (LISS) Project Manager - DIRECT at AT&T (Fayetteville, NC) http://bit.ly/iZB6F8 #job #hiring #ncjobs',76771715476238337,'Jason Pedley','http://a1.twimg.com/profile_images/292596829/NC-jobs-on-twitter_normal.jpg',0),(264,NULL,'2011-06-03 22:06:18','JobsInATL','#JobChatr #Atlanta Executive Administrative Assistant for Turner Broadcasting (Atlanta, GA) http://jobch.at/V0nJB #Jobs',76771715925020672,'Atlanta Jobs','http://a1.twimg.com/sticky/default_profile_images/default_profile_2_normal.png',0),(265,NULL,'2011-06-03 22:06:18','JohnstonWake','NC Jobs | Onsite (LISS) Project Manager - DIRECT at AT&T (Fayetteville, NC) http://bit.ly/khS0gJ #job #hiring #ncjobs',76771716424146944,'Jason Pedley','http://a0.twimg.com/profile_images/543876211/johnston-wake-jobs_normal.jpg',0),(266,NULL,'2011-06-03 22:06:18','pablobender','Amanhã as 8h tem #CodingDojo na Mais Empresas. (#ruby || #python) confira! http://j.mp/irq9GB local: http://bit.ly/luGGky',76771717015539712,'Pablo Bender','http://a3.twimg.com/profile_images/1189804576/foto-1.1.1_normal.png',0),(267,NULL,'2011-06-03 22:06:18','JohnstonWake','NC Jobs | Onsite (COMET) Project Manager - DIRECT at AT&T (Fayetteville, NC) http://bit.ly/ku9fzi #job #hiring #ncjobs',76771718538072064,'Jason Pedley','http://a0.twimg.com/profile_images/543876211/johnston-wake-jobs_normal.jpg',0),(268,NULL,'2011-06-03 22:06:18','JobsInATL','#JobChatr #Atlanta Maintenance Mechanic Class A - 3rd Shift for Unilever (Atlanta, GA) http://jobch.at/V0nWk #Jobs',76771719309836288,'Atlanta Jobs','http://a1.twimg.com/sticky/default_profile_images/default_profile_2_normal.png',0),(269,NULL,'2011-06-03 22:06:18','freelancer_com','#freelance Redirect & Exit Pop Up Script - Advanced #PHP Programmer! by wk12345: I need… http://goo.gl/fb/xnjEF',76771719423078400,'Freelancer','http://a0.twimg.com/profile_images/1379851137/freelance_normal.JPG',0),(270,NULL,'2011-06-03 22:06:18','JohnstonWake','NC Jobs | Senior-Technical Architect at AT&T (Charlotte, NC) http://bit.ly/kl9QUK #job #hiring #ncjobs',76771717514674176,'Jason Pedley','http://a0.twimg.com/profile_images/543876211/johnston-wake-jobs_normal.jpg',0),(271,NULL,'2011-06-03 22:06:19','JohnstonWake','NC Jobs | Technical Inside Sales Support at Benz (Charlotte, NC) http://bit.ly/ihW7mO #job #hiring #ncjobs',76771720605868033,'Jason Pedley','http://a0.twimg.com/profile_images/543876211/johnston-wake-jobs_normal.jpg',0),(272,NULL,'2011-06-03 22:06:19','ZuluJobsNC','NC Jobs | Software Engineer/Developer (Oracle Informatica) at Fidelity Investments (Durham, NC) http://bit.ly/j0wr98 #job #hiring #ncjobs',76771720719122432,'Jason Pedley','http://a1.twimg.com/profile_images/292596829/NC-jobs-on-twitter_normal.jpg',0),(273,NULL,'2011-06-03 22:06:18','ZuluJobsNC','NC Jobs | Senior-Technical Architect at AT&T (Charlotte, NC) http://bit.ly/jjU6qx #job #hiring #ncjobs',76771716675813377,'Jason Pedley','http://a1.twimg.com/profile_images/292596829/NC-jobs-on-twitter_normal.jpg',0),(274,NULL,'2011-06-03 22:06:19','ollihart','Neues aus dem Bereich Mobilfunk von Olivers Notizblog: simyo Geburtstagsaktion http://bit.ly/j0a5HD #iPhone #simyo',76771721339871232,'Oliver Hartwich','http://a1.twimg.com/profile_images/654012720/SP_normal.jpg',0),(275,NULL,'2011-06-03 22:06:19','gbschenkel','RT @linuxaria: #Ekiga and #SIP to replace #Skype on #linux #voip http://www.linuxaria.com/article/ekiga-sip-skype?lang=en',76771721084022784,'Gustavo B. Schenkel','http://a2.twimg.com/profile_images/1067697392/me_normal.jpeg',0),(276,NULL,'2011-06-03 22:06:18','JohnstonWake','NC Jobs | Software Engineer/Developer (Oracle Informatica) at Fidelity Investments (Durham, NC) http://bit.ly/jym1tk #job #hiring #ncjobs',76771719519539200,'Jason Pedley','http://a0.twimg.com/profile_images/543876211/johnston-wake-jobs_normal.jpg',0),(277,NULL,'2011-06-03 22:06:19','armandoroggio','@JenHarris09 just pointed out that @techcruch says #facebook could eat #Google\'s lunch. Do you think so? http://dlvr.it/V0nJP',76771721520230400,'Armando Roggio','http://a2.twimg.com/profile_images/600705807/stylized._normal.png',0),(278,NULL,'2011-06-03 22:06:19','ZuluJobsNC','NC Jobs | Technical Inside Sales Support at Benz (Charlotte, NC) http://bit.ly/luZBt0 #job #hiring #ncjobs',76771721746710529,'Jason Pedley','http://a1.twimg.com/profile_images/292596829/NC-jobs-on-twitter_normal.jpg',0),(279,NULL,'2011-06-03 22:06:18','ZuluJobsNC','NC Jobs | Onsite (COMET) Project Manager - DIRECT at AT&T (Fayetteville, NC) http://bit.ly/iBB6rY #job #hiring #ncjobs',76771719620202496,'Jason Pedley','http://a1.twimg.com/profile_images/292596829/NC-jobs-on-twitter_normal.jpg',0),(280,NULL,'2011-06-03 22:06:19','eluta_jobs','Performance Improvement Advisory Manager - Ottawa: Ernst & Young LLP (Ottawa ON): \"...Ernst & Youn.. #jobs #canada #job http://bit.ly/kiIxpo',76771722862395392,'Jobs on Eluta.ca','http://a0.twimg.com/profile_images/663705444/banner_logo_bigger_normal.png',0),(281,NULL,'2011-06-03 22:06:19','JobsInATL','#JobChatr #Atlanta Staff Accountant I for BCD Travel (Atlanta, GA) http://jobch.at/V0nWr #Jobs',76771723906785280,'Atlanta Jobs','http://a1.twimg.com/sticky/default_profile_images/default_profile_2_normal.png',0),(282,NULL,'2011-06-03 22:06:20','Auburn_Jobs','Auburn Jobs: Senior Database Architect Job in Auburn, Alabama US at Company Not Specified (Auburn, AL):... http://dlvr.it/V0nX6 #Jobs',76771724481396736,'Auburn Jobs USA','http://a0.twimg.com/profile_images/1134378198/Search4_logo_magnifying_glass_normal.PNG',0),(283,NULL,'2011-06-03 22:06:20','AllEngineerJobs','Trainee Mechanical Design Engineer job in Langley Burrell at Beechwood Recruitment Ltd http://bit.ly/jhw9Xt #jobs #engineering',76771725450293248,'Engineering Jobs','http://a0.twimg.com/sticky/default_profile_images/default_profile_1_normal.png',0),(284,NULL,'2011-06-03 22:06:19','Glendale_JobsUS','Glendale Job: Bench Call Center Sales Supervisor - Glendale at Public Storage (Burbank, CA): Have you ever... http://dlvr.it/V0nJy #Jobs',76771723634159616,'Glendale Jobs USA','http://a2.twimg.com/profile_images/1109130274/Search4_logo_magnifying_glass_normal.PNG',0),(285,NULL,'2011-06-03 22:06:21','ZipRecruiter','Epic Medical Staffing LLC is hiring Family Practice Physician http://ziprecruiter.com/tj/c2417ce6 #jobs',76771730995163136,'ZipRecruiter','http://a0.twimg.com/profile_images/846619413/chair-icon_normal.png',0),(286,NULL,'2011-06-03 22:06:21','JobsInATL','#JobChatr #Atlanta Inside Auto Casualty Claim Trainee for Allstate (Atlanta, GA) http://jobch.at/V0nXw #Jobs',76771731506868225,'Atlanta Jobs','http://a1.twimg.com/sticky/default_profile_images/default_profile_2_normal.png',0),(287,NULL,'2011-06-03 22:06:22','CA_SanJose','#Jobs Physical Therapist needed at Soliant Health (San Jose, CA) http://dlvr.it/V0nYR #SanJose #CA',76771735843774465,'San Jose California','http://a3.twimg.com/profile_images/1292762933/imagesCA4MPSO3_bigger_1__normal.jpg',0),(288,NULL,'2011-06-03 22:06:23','OwenSwiderski','#renewables = #Jobs = #Stronger #Economy',76771738767208449,'Owen Swiderski','http://a2.twimg.com/profile_images/1343146637/image_normal.jpg',0),(289,NULL,'2011-06-03 22:06:23','iQuest','Job opportunity: Product Manager Online at Vodafone Romania - Romania #jobs http://lnkd.in/SAVDiH',76771738003832833,'iQuest','http://a0.twimg.com/profile_images/1254797619/iQuest-Logo-twitter_normal_normal.jpg',0),(290,NULL,'2011-06-03 22:06:22','drsYell','RT @kajleers: Ik heb nog niet één #VVD\'er of #CDA\'er gevonden die kan uitleggen waarom we wel fors bezuinigen op #pgb, maar niet de #JSF.',76771735558557696,'drsYell','http://a1.twimg.com/profile_images/1194222765/dr_manhatten_2_normal.jpg',0),(291,NULL,'2011-06-03 22:06:25','danielchow77','If you ever needed proof that Samsung Galaxy S II devs are geeks, here it is http://goo.gl/fb/cxE15 #android',76771745142546432,'Daniel Chow','http://a0.twimg.com/profile_images/66396485/photo_73x73_sv_normal.jpg',0),(292,NULL,'2011-06-03 22:06:26','seo_loft','Video 4 - Keywords ist online http://nextgenerationseo.de/videos/die_richtigen_keywords #SEO #Google',76771751937314816,'Daniel Proll','http://a2.twimg.com/profile_images/872035473/111_normal.jpg',0),(293,NULL,'2011-06-03 22:06:29','MarkRocchio','Number One! #iPhone #iPad #kids book \"Why the Platypus Doesn\'t Sing\" Get it for yourself, too! http://bit.ly/mAVilk',76771765027737600,'Mark Rocchio','http://a2.twimg.com/profile_images/1378975020/Hsi_Lai_Temple_normal.jpg',0),(294,NULL,'2011-06-03 22:06:30','Matthew_Ellison','#iphone iPad 3 coming later this year, with LTE?  http://tiny.ly/bltc',76771767766630401,'Matthew Ellison','http://a1.twimg.com/profile_images/1111041962/twitter_headshot_normal.png',0),(295,NULL,'2011-06-03 22:06:29','hazelkat61','#iPhone Do you want a white iPhone4? http://www.whiteiphone4.com.au/',76771763266125824,'Hazel Kat','http://a2.twimg.com/profile_images/1126077290/Q_34_normal.jpg',0),(296,NULL,'2011-06-03 22:06:29','gustavorh79','RT @iPhoneNewES: LiveProfile PIN para BlackBerry, iPhone y Android (Me borre.com) http://bit.ly/kdbvUy #iphone',76771765577199616,'Gustavo Ramírez','http://a0.twimg.com/profile_images/1279468492/18__2_normal.jpg',0),(297,NULL,'2011-06-03 22:06:30','freelancer_com','#freelance Project summary: Development of a NX-client as a #Java Applet based on existing… http://goo.gl/fb/k2ir8',76771770069299200,'Freelancer','http://a0.twimg.com/profile_images/1379851137/freelance_normal.JPG',0),(298,NULL,'2011-06-03 22:06:31','cynthiawong69','#iPhone White iPhone 4 -- Unusual Christmas Gifts for Lovers  http://www.whiteiphone4.com.au/',76771772212592640,'Cynthia Wong','http://a0.twimg.com/profile_images/1122787829/Q_33_normal.jpg',0),(299,NULL,'2011-06-03 22:06:31','LeFireFox','I like the new Twidroyd for #Twitter on #Android. No ads, cool mute feature, and it’s #Free. Give it a try. http://td.cx/7',76771774053879809,'Jessie Baker','http://a1.twimg.com/profile_images/374352928/n1547601162_30223790_1310501_normal.jpg',0),(300,NULL,'2011-06-03 22:06:30','madebyshape','Anybody out there want to recommend some nice apps for us to download on our brand new iPad2? #apple #design',76771767884058624,'Shape','http://a0.twimg.com/profile_images/1283713042/twitter-shape_normal.jpg',0),(301,NULL,'2011-06-03 22:06:33','TherapistJobSD','Hiring a Speech Language Pathologist at Critical Connection (San Diego, CA) http://bit.ly/jf3zeD #jobs #shjobs',76771781884657664,'Therapist Jobs','http://a3.twimg.com/profile_images/348480088/icon_normal.png',0),(302,NULL,'2011-06-03 22:06:33','natashajenky45','#iPhone iPhone Repair Secrets - What Could Be Secret? If you have never been ... http://www.iphonespecialist.com.au',76771778948640769,'Natasha Jenkins','http://a2.twimg.com/profile_images/1115367891/Ping_95_normal.jpg',0),(303,NULL,'2011-06-03 22:06:33','TherapistJobSD','Hiring a SLP/Speech Therapist, SNF Setting at Alure Jobs (Encinitas, CA) http://bit.ly/m77dm4 #jobs #shjobs',76771779758133248,'Therapist Jobs','http://a3.twimg.com/profile_images/348480088/icon_normal.png',0),(304,NULL,'2011-06-03 22:06:34','TherapistJobSD','Hiring a Occupational Therapist/OT, SNF Setting at Alure Jobs (San Diego, CA) http://bit.ly/mT0Ueh #jobs #shjobs',76771783168110592,'Therapist Jobs','http://a3.twimg.com/profile_images/348480088/icon_normal.png',0),(305,NULL,'2011-06-03 22:06:32','TherapistJobSD','Hiring a Speech/Language Therapist/Pathologist - Long Term at Onward Healthcare (San Diego, CA) http://bit.ly/l0hmFN #jobs #shjobs',76771777908441088,'Therapist Jobs','http://a3.twimg.com/profile_images/348480088/icon_normal.png',0),(306,NULL,'2011-06-03 22:06:33','TherapistJobSD','Hiring a Physical Therapist/PT, Acute Care Hospital Setting at Alure Jobs (San Diego, CA) http://bit.ly/iuZPpx #jobs #shjobs',76771780802523137,'Therapist Jobs','http://a3.twimg.com/profile_images/348480088/icon_normal.png',0),(307,NULL,'2011-06-03 22:06:34','Job_Irvine','#Jobs Client Service Coordinator - FranklinCovey -  Irvine, CA http://bit.ly/kYJ524',76771783029702656,'Jobs_Irvine ','http://a1.twimg.com/sticky/default_profile_images/default_profile_6_normal.png',0),(308,NULL,'2011-06-03 22:06:34','Jobs_Fontana','CDL Driver HAZMAT & Tank Endorsements - PSC -  Fontana, CA http://bit.ly/lFaBL9 #Jobs',76771783054860288,'Jobs_Fontana','http://a1.twimg.com/sticky/default_profile_images/default_profile_6_normal.png',0),(309,NULL,'2011-06-03 22:06:35','CareBoston','Sitter Needed For 6 Yr Old Girl - Boston - $10-$15/hr. http://care.com/t/7mnp #jobs #childcare',76771791019839488,'Care.com Boston Jobs','http://a1.twimg.com/profile_images/1114397888/twitter_bigger_normal.png',0),(310,NULL,'2011-06-03 22:06:36','geekomode','Apple iCloud will cost $ 25 per year http://bit.ly/kIPypf #Apple #iCloud',76771791065989120,'geekomode','http://a3.twimg.com/profile_images/946887028/geek_normal.jpg',0),(311,NULL,'2011-06-03 22:06:36','ZipRecruiter','Confidential is hiring Urgent Need-Internal Medicine Physician/Family Practice http://ziprecruiter.com/tj/af6505cc #jobs',76771791279886336,'ZipRecruiter','http://a0.twimg.com/profile_images/846619413/chair-icon_normal.png',0),(312,NULL,'2011-06-03 22:06:37','CouncilBluffsWk','Council Bluffs Jobs: Academic Advisor- Council Bluffs Job in Council Bluffs 51502, Iowa US at... http://dlvr.it/V0nbR #Jobs #CouncilBluffs',76771795604221953,'Council Bluffs Jobs','http://a2.twimg.com/profile_images/1343068581/Search4_logo_magnifying_glass_normal.PNG',0),(313,NULL,'2011-06-03 22:06:43','GetCoSyAnalJobs','Financial R... - #Tampa , FL (http://tinyurl.com/3fxq3m9) Get Computer Systems Analyst Jobs #ComputerSystemsAnalyst #jobs #job #GetAllJobs',76771821332082688,'GetCoSyAnalJobs','http://a2.twimg.com/profile_images/65501459/G_normal.png',0),(314,NULL,'2011-06-03 22:06:43','craigslistjobs','Las Vegas: SALES - SIX FIGURES (Las Vegas) http://tinyurl.com/3ta2st9 #Jobs',76771823622168577,'Craigslist Jobs','http://a0.twimg.com/profile_images/294203738/clpeace_normal.jpg',0),(315,NULL,'2011-06-03 22:06:43','IntelliSource','Director Mechanical Integrity Engineering Los Angeles Area California CA -  Senior... http://ezpost.me/hvFNgj #Energy #Jobs #Resume #CV',76771821541785600,'Rick Whitley','http://a2.twimg.com/profile_images/103746962/rw_hiresuite_recruit_normal.jpg',0),(316,NULL,'2011-06-03 22:06:44','craigslistjobs','Las Vegas: Auditions  (Las Vegas) http://tinyurl.com/3hv6ate #Jobs',76771825857740800,'Craigslist Jobs','http://a0.twimg.com/profile_images/294203738/clpeace_normal.jpg',0),(317,NULL,'2011-06-03 22:06:44','craigslistjobs','Las Vegas: Full and Part Time Available NOW (LasVegas) http://tinyurl.com/3meo8mh #Jobs',76771824708493313,'Craigslist Jobs','http://a0.twimg.com/profile_images/294203738/clpeace_normal.jpg',0),(318,NULL,'2011-06-03 22:06:44','craigslistjobs','Las Vegas: French Translator (Las Vegas) http://tinyurl.com/3qh4bd4 #Jobs',76771827522863105,'Craigslist Jobs','http://a0.twimg.com/profile_images/294203738/clpeace_normal.jpg',0),(319,NULL,'2011-06-03 22:06:44','ejobsfinder','Program Officer http://bit.ly/mkBd8W #jobs',76771827816480768,'Environmental Jobs','http://a1.twimg.com/profile_images/326438108/e_normal.gif',0),(320,NULL,'2011-06-03 22:06:44','craigslistjobs','Las Vegas: F/T Editorial Assistant (Henderson, NV) http://tinyurl.com/3zqgyyd #Jobs',76771828449816576,'Craigslist Jobs','http://a0.twimg.com/profile_images/294203738/clpeace_normal.jpg',0),(321,NULL,'2011-06-03 22:06:45','applenws','Considering iCloud\'s potential against existing cloud services http://aol.it/iFmi3h #apple',76771830039453696,'Apple News','http://a1.twimg.com/profile_images/192098593/Apple_normal.png',0),(322,NULL,'2011-06-03 22:06:45','applenws','Aviiq Smart Case is sweet protection for your iPad 2 http://aol.it/ljI8hT #apple',76771831067058176,'Apple News','http://a1.twimg.com/profile_images/192098593/Apple_normal.png',0),(323,NULL,'2011-06-03 22:06:45','lq_feed','LXer: Some remarks on OpenOffice going to Apache http://bit.ly/iBFC2X #Syndicated #Linux #News',76771832778334208,'LinuxQuestions Feed','http://a0.twimg.com/profile_images/1219185259/lq-app_normal.png',0),(324,NULL,'2011-06-03 22:06:46','arothackerasi','RT @DB2locksmith: Thanks to recent headlines, it seems that database security is finally getting the attention it deserves.   #DB2 #Orac ...',76771835554955264,'Alex Rothacker','http://a1.twimg.com/profile_images/1138035614/IMG_0336_normal.JPG',0),(325,NULL,'2011-06-03 22:06:45','applenws','7 Little Words offers great fluffy fun but not enough content http://aol.it/klqQmP #apple',76771832186937344,'Apple News','http://a1.twimg.com/profile_images/192098593/Apple_normal.png',0),(326,NULL,'2011-06-03 22:06:47','Tallahassee_Job','Tallahassee Jobs: Comm Tech 1, Installation & Service (Tallahassee, Florida) at Comcast Cable Central Division... http://dlvr.it/V0nbw #Jobs',76771841104027648,'Tallahasse Jobs USA','http://a2.twimg.com/profile_images/1129086268/Search4_logo_magnifying_glass_normal.PNG',0),(327,NULL,'2011-06-03 22:06:49','GetHeaEducaJobs','Master Trainer (SME) S11-024 - #Reston , VA (http://tinyurl.com/3nrfecg) Get Health Educator Jobs #HealthEducator #jobs #job #GetAllJobs',76771845847789568,'Health Educator Jobs','http://a2.twimg.com/profile_images/65616105/G_normal.png',0),(328,NULL,'2011-06-03 22:06:49','lq_feed','Searching for glibc-2.11.1-1.i686 http://bit.ly/lh4Aya #Linux #Software',76771847882014720,'LinuxQuestions Feed','http://a0.twimg.com/profile_images/1219185259/lq-app_normal.png',0),(329,NULL,'2011-06-03 22:06:52','kikealtamirano','“@vistazotecno: Google Android lidera el mercado de las plataformas móviles con un 36.4%, la tiene difícil #Apple http://t.co/BFKgevP vía”',76771860091637760,'Enrique Altamirano','http://a1.twimg.com/profile_images/589484055/100_1755_normal.jpg',0),(330,NULL,'2011-06-03 22:06:54','markburma','is playing Original Gangstaz on my iPhone! Click the link to join my gang http://bit.ly/originalgz #iphone #ipod #ipad #OG',76771866810916864,'Mark Burma','http://a1.twimg.com/sticky/default_profile_images/default_profile_2_normal.png',0),(331,NULL,'2011-06-03 22:06:54','itsallmythought','Blog post: Google Apps ending support for older browsers http://is.gd/vOGT3a #google #googleapps',76771868446699520,'Leon','http://a0.twimg.com/profile_images/1348512066/logo_normal.png',0),(332,NULL,'2011-06-03 22:06:54','GetHeEqOperJobs','MAINTENAN... - #Hatboro , PA (http://tinyurl.com/3qvy3ex) Get Heavy Equipment Operator Jobs #HeavyEquipmentOperator #jobs #job #GetAllJobs',76771869512052736,'GetHeEqOperJobs','http://a2.twimg.com/profile_images/76099313/G_normal.png',0),(333,NULL,'2011-06-03 22:06:54','joaoluisc','Review: HTC Flyer http://sns.mx/iuc5y5 #android #htc',76771869918892032,'João Luis','http://a2.twimg.com/profile_images/1262689630/Twitter_profile_pic_normal.jpg',0),(334,NULL,'2011-06-03 22:06:57','ZipRecruiter','Flaming Gorge Harley-Davidson is hiring Service Technician /  Mechanic http://ziprecruiter.com/tj/1a6e727f #jobs',76771880832479232,'ZipRecruiter','http://a0.twimg.com/profile_images/846619413/chair-icon_normal.png',0),(335,NULL,'2011-06-03 22:06:58','ljn_bwi_edu','Summer Intern - AT&T   #Columbia, MD http://MetroBaltimoreJobs.com/j/2359709 #jobs #ljn #job',76771885198741504,'BWI Education Jobs','http://a1.twimg.com/profile_images/1158349932/Briefcase_80x80__normal.png',0),(336,NULL,'2011-06-03 22:06:59','Jason_Collier13','Giving new meaning to \"gotta have it\".  Also there may just be such a thing as bad press.  #apple\n\nhttp://tinyurl.com/3kcp6a2',76771888889741312,'Jason Collier','http://a2.twimg.com/profile_images/800273918/lol_normal.JPG',0),(337,NULL,'2011-06-03 22:06:59','JobsDirectUSA','#tampa #jobs Front Desk Agent - Hilton Worldwide -  Tampa, FL  http://bit.ly/dpZXTq',76771890370326528,'JobsDirectUSA.com','http://a2.twimg.com/profile_images/1363816036/twitter_normal.png',0),(338,NULL,'2011-06-03 22:06:59','JobsBanking','Foreclosure Claims Specialist - Mortgage Banking Administration - 0145 -  Pearl, MS http://bit.ly/kHjzwY #banking #jobs',76771891695726592,'Banking Jobs','http://a2.twimg.com/sticky/default_profile_images/default_profile_3_normal.png',0),(349,NULL,'2011-06-03 22:07:11','GHATechnologies','#jobs #tech Marketing Coordinator: AZ-Scottsdale, Marketing Coordinator GHA Technologies is looking for an exper... http://bit.ly/l3qSwJ',76771938638381056,'GHA Technologies','http://a2.twimg.com/profile_images/1101396739/twitter_icon_normal.png',0),(350,NULL,'2011-06-03 22:07:11','Sunplace2010','RT @borisblog: FaceNiff: #Facebook Account-Hack per #Android-Handy http://bit.ly/kVzoy3 (via @t3n)',76771940345446400,'Juan Lucas','http://a3.twimg.com/profile_images/1313656971/62559_1526604579170_1656353362_1295834_7123067_n_normal.jpg',0),(351,NULL,'2011-06-03 22:07:10','octoberfinest89','RT @SlimeF_Kennedy: If you don\'t have an #iPhone?well you just don\'t have an #iPhone?',76771936742539264,'Brittney Brown','http://a0.twimg.com/profile_images/1187493367/Photo_on_2010-10-03_at_18.49_normal.jpg',0),(352,NULL,'2011-06-03 22:07:12','GetPTAJobs','Physical Therapist Assistant, Travel PTA - #Knoxville , TN (http://tinyurl.com/3kxxvj5) Get PTA Jobs #PTA #jobs #job #GetAllJobs',76771942312587264,'Get PTA Jobs','http://a2.twimg.com/profile_images/65774725/G_normal.png',0),(353,NULL,'2011-06-03 22:07:13','Tyralsnippa','is ELITE on Global War Online on my iPhone! Click the link to join my squad http://bit.ly/globalwarapp1 #iphone #ipod #ipad #Global War #GWO',76771947190558720,'Tyral Snippa','http://a2.twimg.com/sticky/default_profile_images/default_profile_3_normal.png',0),(354,NULL,'2011-06-03 22:07:14','Work__Freelance','Freelance Advertising Job - Need 10k Facebook Fans from Melbourne, Australia http://bit.ly/jizgGR #freelance #jobs',76771954060824577,'Freelance Jobs','http://a1.twimg.com/profile_images/1219638828/freelancex200_normal.jpg',0),(355,NULL,'2011-06-03 22:07:15','fleetwoodnat','CMS Website Needed http://url.ie/bcuv #jobs #Freelance #job',76771958494216192,'NNNN','http://a3.twimg.com/profile_images/1355090054/45798_149892911707439_100000601922624_348823_6971603_n-11_normal.jpg',0),(356,NULL,'2011-06-03 22:07:16','alexanderoriord','I just bought stuff for the first time on my #iPhone #technologyisawesome',76771960167731200,'Alexander O\'Riordan','http://a3.twimg.com/profile_images/1063400445/Larvits_Portrait2icon_normal.jpg',0),(357,NULL,'2011-06-03 22:07:20','IS_Ticker','Mighty Fin - Launching Pad Games bringt neues #iPhone-Game heraus http://t.co/fBoCxFO',76771978522005504,'Alexander Trust','http://a2.twimg.com/profile_images/1352941254/AVATAR_normal.jpg',0),(358,NULL,'2011-06-03 22:07:25','alexis_gil','Perfect time to get a closer look at #django + #python',76771999996846081,'Alexis Gil Gonzales','http://a3.twimg.com/profile_images/1331916601/DSCN2415_normal.JPG',0),(359,NULL,'2011-06-03 22:07:26','isedurante','@lucianoamoretti .. aiaiaiai .. eu tenho um #iphone e ela não .. ¬¬',76772003759136768,'Laíse Durante','http://a1.twimg.com/profile_images/1322634800/La_se__173__normal.jpg',0),(360,NULL,'2011-06-03 22:07:26','interobslinus','UN report three strikes Internet laws violate human rights #internet #linux http://bit.ly/mbGfZk',76772001792008192,'Interobs Linux US','http://a2.twimg.com/sticky/default_profile_images/default_profile_3_normal.png',0),(361,NULL,'2011-06-03 22:07:27','interobslinus','Canonical Partners with ASUS for Ubuntu Linux Hardware #linux http://bit.ly/mlSbF3',76772006376390656,'Interobs Linux US','http://a2.twimg.com/sticky/default_profile_images/default_profile_3_normal.png',0),(362,NULL,'2011-06-03 22:07:28','Dougz19','is a VIP on Original Gangstaz on my iPhone! Click the link to join my gang http://bit.ly/originalgz #iphone #ipod #ipad #OG',76772009488547840,'Douglas','http://a3.twimg.com/profile_images/399680778/Picture_9_normal.jpg',0),(363,NULL,'2011-06-03 22:07:28','interobslinus','Mashup Merges Twitter and O Reilly Books to Win Contest #linux http://bit.ly/lPTQ07',76772010490998786,'Interobs Linux US','http://a2.twimg.com/sticky/default_profile_images/default_profile_3_normal.png',0),(364,NULL,'2011-06-03 22:07:29','NCRTopEmployers','Quality Assurance Technical Analyst: Royal Canadian Mint (Ottawa ON): \"...summary of duties : Unde.. #jobs #Ottawa #job http://bit.ly/m4fuEj',76772014718849024,'Ottawa Top Employers','http://a2.twimg.com/profile_images/1249275048/ottawa_2011_normal.jpg',0),(365,NULL,'2011-06-03 22:07:29','interobslinus','Mac RSS champ NetNewsWire sold to Black Pixel, developer moving on #linux http://bit.ly/kK9cO9',76772014727249920,'Interobs Linux US','http://a2.twimg.com/sticky/default_profile_images/default_profile_3_normal.png',0),(366,NULL,'2011-06-03 22:07:30','interobslinus','Jagielski says Apache is the perfect place to repair the broken OpenOffice.org community #linux http://bit.ly/luGDn1',76772018971881472,'Interobs Linux US','http://a2.twimg.com/sticky/default_profile_images/default_profile_3_normal.png',0),(367,NULL,'2011-06-03 22:07:31','interobslinus','CityCamp Pairs Open Source Tech, Gov\'t Transparency #linux http://bit.ly/iUbGcR',76772023157784576,'Interobs Linux US','http://a2.twimg.com/sticky/default_profile_images/default_profile_3_normal.png',0),(368,NULL,'2011-06-03 22:07:31','Meeting_Me','#iphone #apps This Week In Apps: Mixcloud, Viddy, and MobileRoadie\'s BlackBerry Snub - Billb... http://bit.ly/lbJF9Y #geosocial #network',76772023388471296,'Meet-Me.com','http://a1.twimg.com/profile_images/1357801603/Meet-Me_normal.jpg',0),(369,NULL,'2011-06-03 22:07:31','Public_News','RT @JobsUnleashed: Find Customer Service jobs in Connecticut.  http://tiny.ly/dtcR  #Jobs',76772023195545600,'Public News','http://a2.twimg.com/profile_images/1101467419/Public_News_normal.jpg',0),(370,NULL,'2011-06-03 22:07:31','appstore_news','#iphone How To Get the Most Out of Game Center: Apple\'s Game Center has been out for a while  n... http://bit.ly/lMGVC4 #apple #appstore',76772023363309568,'iPhone Apps','http://a0.twimg.com/profile_images/1073997751/overview-camera-20100607_normal.jpg',0),(371,NULL,'2011-06-03 22:07:31','Samenus','RT @consultantsjobs: Great opportunity-Virtualization Architects-All Levels http://bit.ly/fuwhgr #Accenture #ACN #jobs #hiring',76772025607270400,'Dan Samenus','http://a3.twimg.com/profile_images/340886178/Why_yes___I_do_think_I_need_glasses__normal.JPG',0),(372,NULL,'2011-06-03 22:07:32','interobslinus','Liveblog Microsoft\'s E3 press conference on June 6 #microsoft #linux http://bit.ly/ii9Bqo',76772027566014464,'Interobs Linux US','http://a2.twimg.com/sticky/default_profile_images/default_profile_3_normal.png',0),(373,NULL,'2011-06-03 22:07:33','AllEngineerJobs','Sustaining Engineering Manager Cardiff job in Bridgend at Beechwood Recruitment Ltd http://bit.ly/lhS2E3 #engineering #jobs',76772033551269888,'Engineering Jobs','http://a0.twimg.com/sticky/default_profile_images/default_profile_1_normal.png',0),(374,NULL,'2011-06-03 22:07:33','interobslinus','Apple, Google bids on Nortel patents getting antitrust scrutiny #google #linux http://bit.ly/mLruGE',76772031345074176,'Interobs Linux US','http://a2.twimg.com/sticky/default_profile_images/default_profile_3_normal.png',0),(375,NULL,'2011-06-03 22:07:34','interobslinfr','Nvidia Optimus, ça rocks sous GNU Linux grâce à Bumblebee #linux http://bit.ly/kgLIxw',76772035224801281,'Interobs Linux FR','http://a2.twimg.com/sticky/default_profile_images/default_profile_3_normal.png',0),(376,NULL,'2011-06-03 22:07:34','jobsyellow','NEW JOB: Systems Administrator - SharePoint - Warren MI - eligible veteran status or any other http://bit.ly/jvzfp1 #Raytheon #job #jobs',76772036831219712,'Mike Jobs','http://a1.twimg.com/profile_images/452559362/jobstwitter_normal.gif',0),(377,NULL,'2011-06-03 22:07:34','jobshartford','JOB FAIR: Details: JOB FAIRTHIS MONDAY 06/06/11 FROM 10AM-NOONBALANCE STAFFING SERVICES77 EAST STR... http://cb.com/ip2rbn #jobs #hiring',76772037040934912,'Hartford Jobs','http://a1.twimg.com/profile_images/129179232/t-jobshartford_normal.jpg',0),(378,NULL,'2011-06-03 22:07:34','GetTelemarkJobs','Sales Specialist / Product D... - #SanDiego , CA (http://tinyurl.com/3h3344c) Get Telemarketing Jobs #Telemarketing #jobs #job #GetAllJobs',76772038492160000,'Telemarketing Jobs','http://a2.twimg.com/profile_images/65857341/G_normal.png',0),(379,NULL,'2011-06-03 22:07:35','jobshartford','Quality Control Inspector: Details: CoWorx Staffing Services is now interviewing qualified candida... http://cb.com/jnecEX #jobs #hiring',76772039012257792,'Hartford Jobs','http://a1.twimg.com/profile_images/129179232/t-jobshartford_normal.jpg',0),(380,NULL,'2011-06-03 22:07:35','jobshartford','Engineer: Details: Perform Maintainability/Human Factors design assessments on the Next Generation... http://cb.com/k5xdRA #jobs #hiring',76772040207634432,'Hartford Jobs','http://a1.twimg.com/profile_images/129179232/t-jobshartford_normal.jpg',0),(381,NULL,'2011-06-03 22:07:35','Charlotte_IT','Solution Architect - Charlotte, NC #job #jobs #hiring #career http://bit.ly/lAPW8U',76772040597716993,'Charlotte, NC IT job','http://a0.twimg.com/profile_images/1170452306/social_logo_star_us_jobs_normal.gif',0),(382,NULL,'2011-06-03 22:07:35','Merle_Archie','Freelance iPhone Job - Modifications on two iPhone apps http://bit.ly/jEcDeJ #freelance #jobs',76772041772122112,'Merle Archie','http://a3.twimg.com/profile_images/605639351/A_bigger_normal.jpg',0),(383,NULL,'2011-06-03 22:07:34','jobshartford','Digital Camera Sales/ Training Rep: Details: Assisted Sales & Training Specialist- Digital Cameras... http://cb.com/lDOo5u #jobs #hiring',76772038076940288,'Hartford Jobs','http://a1.twimg.com/profile_images/129179232/t-jobshartford_normal.jpg',0),(384,NULL,'2011-06-03 22:07:35','interobslinus','C est Magnifique Google to Offer Paid Version of Translate API #google #linux http://bit.ly/kZ0Sid',76772039318441984,'Interobs Linux US','http://a2.twimg.com/sticky/default_profile_images/default_profile_3_normal.png',0),(385,NULL,'2011-06-03 22:07:36','interobslinus','Some remarks on OpenOffice going to Apache #office #linux http://bit.ly/kHtjWe',76772043743440896,'Interobs Linux US','http://a2.twimg.com/sticky/default_profile_images/default_profile_3_normal.png',0),(386,NULL,'2011-06-03 22:07:37','Christian_Trav','Clearwater, FL you have a 90% chance of being #employed using this method #jobs http://www.the-job-finder.info',76772047283433472,'Christian Travelers ','http://a1.twimg.com/profile_images/1317782128/jesus_normal.jpg',0),(387,NULL,'2011-06-03 22:07:37','NewAndroidApps','New #android #app: DC Rider http://bit.ly/knb1JG',76772049275727872,'New Android apps','http://a2.twimg.com/profile_images/1077889707/android-logo_normal.jpg',0),(388,NULL,'2011-06-03 22:07:42','MzSoloDolo24','just reached level 5 on Global War Online on my iPhone! Click the link to join my squad http://bit.ly/globalwarapp1 #iphone #ipod #ipad #Glo',76772068724719616,'Sasha Smies','http://a2.twimg.com/sticky/default_profile_images/default_profile_3_normal.png',0),(389,NULL,'2011-06-03 22:07:44','iphonesecrets1','how to write an iphone app at http://bit.ly/mvC8fG. #makemoney #iphoneapps #iphone',76772078270939136,'iphone secrets','http://a2.twimg.com/profile_images/1341664383/iPhone_normal.png',0),(390,NULL,'2011-06-03 22:07:44','iphonesecrets1','how to write an iphone app at http://bit.ly/mvC8fG. #makemoney #iphoneapps #iphone',76772078249979904,'iphone secrets','http://a2.twimg.com/profile_images/1341664383/iPhone_normal.png',0),(391,NULL,'2011-06-03 22:07:44','iphonesecrets1','how to write an iphone app at http://bit.ly/mvC8fG. #makemoney #iphoneapps #iphone',76772078249975808,'iphone secrets','http://a2.twimg.com/profile_images/1341664383/iPhone_normal.png',0),(392,NULL,'2011-06-03 22:07:44','iphonesecrets1','how to write an iphone app at http://bit.ly/mvC8fG. #makemoney #iphoneapps #iphone',76772078384201728,'iphone secrets','http://a2.twimg.com/profile_images/1341664383/iPhone_normal.png',0),(393,NULL,'2011-06-03 22:07:45','My_Alabama_Job','Job Opportunity! Outside Field Sales Representative - Southeast Territory - Gold Eagle Co. -  ... http://bit.ly/jb5QMt #Birmingham #Jobs',76772083069227008,'Alabama Jobs','http://a1.twimg.com/profile_images/656509649/al_flag_normal.jpg',0),(394,NULL,'2011-06-03 22:07:45','My_Alabama_Job','Job Opportunity! Implementation-Conversion Technical Consultant I - FIS Global -  Birmingham, ... http://bit.ly/mndedG #Birmingham #Jobs',76772082062606337,'Alabama Jobs','http://a1.twimg.com/profile_images/656509649/al_flag_normal.jpg',0),(395,NULL,'2011-06-03 22:07:46','DollarsPlanet','#detroit #jobs Administrative Assistant http://tiny.ly/qxPo',76772087720718336,'Dollars Planet','http://a1.twimg.com/profile_images/1304744852/billionaire_normal.jpg',0),(396,NULL,'2011-06-03 22:07:47','ayosec','+10 Hay que probarlo RT @juanjeojeda: Muy buena esta aplicación Android para acceder a Github http://t.co/U2oO9V5 #android #github #coolapps',76772089884979201,'Ayose','http://a3.twimg.com/profile_images/1380041819/Character_dao_normal.png',0),(397,NULL,'2011-06-03 22:07:48','nujkcom','http://www.nujk.com/converting-custom-queries-into-sql  #php #sql #mysql',76772093554995200,'nujk','http://a1.twimg.com/sticky/default_profile_images/default_profile_2_normal.png',0),(398,NULL,'2011-06-03 22:07:48','AllieRedner9918','Tulsa OK Technical Writer jobs http://bit.ly/hbxtXO #Computing #Tulsa #JobHunting #Jobs #Careers #Job  #hiring #IT #OK',76772094184140800,'Allie Redner','http://a0.twimg.com/profile_images/1254280285/8752536411140185_heather_normal.jpg',0),(399,NULL,'2011-06-03 22:07:47','xtremdeath','is a VIP on Original Gangstaz on my iPhone! Click the link to join my gang http://bit.ly/originalgz #iphone #ipod #ipad #OG',76772093013921793,'Ken','http://a0.twimg.com/profile_images/1122673332/Mexico_normal.jpg',0),(400,NULL,'2011-06-03 22:07:51','RGPoddys','Overcoming File In Use Errors When Copying Windows Files http://www.redgage.com/c-jfgjid #redgage #copy #backup #windows',76772108415414273,'Tony Payne','http://a0.twimg.com/profile_images/1355647456/TonyAvatar_normal.jpg',0),(401,NULL,'2011-06-03 22:07:53','SemiraSK','Danke @juergenmessing ! Air Sharing seems a great answer to my search working with #pdf #iphone #ipad',76772116275527680,'Semira Soraya-Kandan','http://a1.twimg.com/profile_images/1352307906/SSK_Ausschnitt_sw_web_1001_2_normal.jpg',0),(402,NULL,'2011-06-03 22:07:53','GerdjanKipping','@kajleers Omdat je met #pgb niet kan vliegen? #VVD #CDA #JSF',76772117068267520,'Gerdjan Kipping','http://a3.twimg.com/profile_images/1242576732/kopie_normal.jpg',0),(403,NULL,'2011-06-03 22:07:55','My_Alabama_Job','Company Drivers-Flatbed (1777268) - Grand Island Chief Carriers… http://goo.gl/fb/pZ8Q1 #birmingham #jobs',76772124949360640,'Alabama Jobs','http://a1.twimg.com/profile_images/656509649/al_flag_normal.jpg',0),(404,NULL,'2011-06-03 22:07:55','My_Alabama_Job','Registered Nurse - Med Surg Float Pool (7:00pm-7:00am) - Tenet Health… http://goo.gl/fb/7Ypk0 #birmingham #jobs',76772126278946816,'Alabama Jobs','http://a1.twimg.com/profile_images/656509649/al_flag_normal.jpg',0),(405,NULL,'2011-06-03 22:07:55','My_Alabama_Job','Fleet Owners (1777654) - Panther Expedited Services, Inc - Birmingham, AL http://goo.gl/fb/8Awa2 #birmingham #jobs',76772122873176064,'Alabama Jobs','http://a1.twimg.com/profile_images/656509649/al_flag_normal.jpg',0),(406,NULL,'2011-06-03 22:07:56','My_Alabama_Job','Implementation-Conversion Technical Consultant I - FIS Global - Birmingham… http://goo.gl/fb/bNOCZ #birmingham #jobs',76772127474323457,'Alabama Jobs','http://a1.twimg.com/profile_images/656509649/al_flag_normal.jpg',0),(407,NULL,'2011-06-03 22:07:56','My_Alabama_Job','Outside Field Sales Representative - Southeast Territory - Gold Eagle Co… http://goo.gl/fb/3PfAu #birmingham #jobs',76772128954920961,'Alabama Jobs','http://a1.twimg.com/profile_images/656509649/al_flag_normal.jpg',0),(408,NULL,'2011-06-03 22:07:57','craigslistjobs','Detroit: Female Adult Actress (Downriver) http://bit.ly/lNbTSh #Jobs',76772131282759681,'Craigslist Jobs','http://a0.twimg.com/profile_images/294203738/clpeace_normal.jpg',0),(409,NULL,'2011-06-03 22:07:57','craigslistjobs','Detroit: On Site IT Solutions Specialist (Detroit Metro) http://bit.ly/mryog5 #Jobs',76772132553633794,'Craigslist Jobs','http://a0.twimg.com/profile_images/294203738/clpeace_normal.jpg',0),(410,NULL,'2011-06-03 22:07:57','craigslistjobs','Detroit: Barista, Experienced (Oakland - Ortonville) http://bit.ly/kKGL6z #Jobs',76772133749010433,'Craigslist Jobs','http://a0.twimg.com/profile_images/294203738/clpeace_normal.jpg',0),(411,NULL,'2011-06-03 22:07:57','GetMasTheraJobs','Massage Therapist - #MarcoIsland , FL (http://tinyurl.com/3g8mjse) Get Massage Therapy Jobs #MassageTherapy #jobs #job #GetAllJobs',76772134432677888,'Massage Therapy Jobs','http://a2.twimg.com/profile_images/65691349/G_normal.png',0),(412,NULL,'2011-06-03 22:07:58','craigslistjobs','Detroit: Belleville Restaurant Mgr (Belleville Michigan) http://bit.ly/lkSVJm #Jobs',76772135980384257,'Craigslist Jobs','http://a0.twimg.com/profile_images/294203738/clpeace_normal.jpg',0),(413,NULL,'2011-06-03 22:07:58','craigslistjobs','Detroit: Ophthalmic Technician (Southfield/Livonia/Dearborn) http://bit.ly/le4d3y #Jobs',76772137041539072,'Craigslist Jobs','http://a0.twimg.com/profile_images/294203738/clpeace_normal.jpg',0),(414,NULL,'2011-06-03 22:07:59','MertzasaurasRex','\"@DMoyers420: I have had this phone for 24 hours now and its already changed my life! #iphone\" never see this with droids #droidssuck',76772140560551936,'Ben Mertz','http://a3.twimg.com/profile_images/1285851264/Photo_on_2011-03-24_at_17.29__2_normal.jpg',0),(415,NULL,'2011-06-03 22:07:59','My_Alabama_Job','Outside Field Sales Representative - Southeast Territory - Gold Eagle Co… http://goo.gl/fb/W2AAI #birmingham #jobs',76772141999210496,'Alabama Jobs','http://a1.twimg.com/profile_images/656509649/al_flag_normal.jpg',0),(416,NULL,'2011-06-03 22:08:00','nachase','RT @CareerFan: State of Connecticut: \"Laborer 39s Assistant\" - http://bit.ly/jNyl27 #JerseyCity #NJ #Jobs',76772143731449856,'Nicholas Chase','http://a1.twimg.com/profile_images/189058500/2884858408_6c993e77e2_m_normal.jpg',0),(417,NULL,'2011-06-03 22:08:01','zurcodracir','Se me cae la quijada ahora mismo, me acaba de llegar una invitación de #Google para usar Google Musica y la verdad va de lujo!',76772147795734528,'Ricardo Cruz Peña','http://a2.twimg.com/profile_images/1369665395/Nwhwoif8_normal',0),(418,NULL,'2011-06-03 22:08:02','VictoriaGeorges','Text me at my new number, (541) 512-6420! I am using TextNow to text for free on my #iphone and #ipod: http://textnow.com',76772152916971520,'??Victoria?Georges??','http://a0.twimg.com/profile_images/1375913996/VictoriaGeorges_normal.jpg',0),(419,NULL,'2011-06-03 22:08:02','strictlyandroid','Office Jerk Review [Amazon Appstore Free App of the Day] http://bit.ly/jHMxKv #android',76772155970424832,'StrictlyAndroid News','http://a3.twimg.com/profile_images/1214084698/strictdroid_normal.png',0),(420,NULL,'2011-06-03 22:08:03','androidwellness','Office Jerk Review [Amazon Appstore Free App of the Day] http://bit.ly/lPG4Kd #android #community',76772156410834944,'Android Wellness','http://a1.twimg.com/profile_images/1269718036/androidwellness_normal.jpg',0),(421,NULL,'2011-06-03 22:08:03','My_Alabama_Job','Job Opportunity! Outside Field Sales Representative - Southeast Territory - Gold Eagle Co. -  Mobi... http://bit.ly/l8R9Z4 #Mobile #Jobs',76772157690089472,'Alabama Jobs','http://a1.twimg.com/profile_images/656509649/al_flag_normal.jpg',0),(422,NULL,'2011-06-03 22:08:03','Char_Ville_Jobs','Charlottesville Job: MDU Direct Sales Representative, Charlottesville, Virginia, 50084495 at Comcast Cable... http://dlvr.it/V0nlB #Jobs',76772156217892864,'Charlottesville Jobs','http://a2.twimg.com/profile_images/1159634033/Search4_logo_magnifying_glass_normal.PNG',0),(423,NULL,'2011-06-03 22:08:04','alebrandi','Woah! #Apple Worth More Than #Microsoft And #Intel Combined http://t.co/iyCeSTo via @cultofmac',76772160617709568,'Alessandro Brandi','http://a0.twimg.com/profile_images/1234062522/untitled_normal.jpg',0),(424,NULL,'2011-06-03 22:08:04','GetTaxPrepaJobs','International Tax Consultant II... - #Houston , TX (http://tinyurl.com/3vl6sqr) Get Tax Preparer Jobs #TaxPreparer #jobs #job #GetAllJobs',76772162488381440,'Tax Preparer Jobs','http://a2.twimg.com/profile_images/65856972/G_normal.png',0),(425,NULL,'2011-06-03 22:08:06','farbspirale','RT @martinhaase: #Microsoft #Windows 8 #teaster http://www.youtube.com/watch?hl=en&v=p92QfWOw88I #win8',76772168595275776,'Andreas Prinz','http://a1.twimg.com/profile_images/1338926671/andreas_normal.jpg',0),(426,NULL,'2011-06-03 22:08:07','juanca_garciap','iPad 3 coming later this year, with LTE? http://dlvr.it/V0lT1 #apple via @enota0',76772173267734528,'Juan Carlos Garcia','http://a3.twimg.com/profile_images/1295393893/para_twitter2_normal.jpg',0),(427,NULL,'2011-06-03 22:08:07','Princess2GaGa','I just installed the new Twidroyd for #Twitter on my #Android Phone - It\'s #Free, give it a try. http://td.cx/2',76772173552955392,'Tia Anthony','http://a3.twimg.com/profile_images/1283286856/IMG00724-20110322-1947_normal.jpg',0),(428,NULL,'2011-06-03 22:08:09','iphonesecrets1','how to make apps at http://bit.ly/mvC8fG. #makemoney #iphoneapps #iphone',76772185020178432,'iphone secrets','http://a2.twimg.com/profile_images/1341664383/iPhone_normal.png',0),(429,NULL,'2011-06-03 22:08:09','iphonesecrets1','how to make apps at http://bit.ly/mvC8fG. #makemoney #iphoneapps #iphone',76772185154392064,'iphone secrets','http://a2.twimg.com/profile_images/1341664383/iPhone_normal.png',0),(430,NULL,'2011-06-03 22:08:09','iphonesecrets1','how to make apps at http://bit.ly/mvC8fG. #makemoney #iphoneapps #iphone',76772185078890497,'iphone secrets','http://a2.twimg.com/profile_images/1341664383/iPhone_normal.png',0),(431,NULL,'2011-06-03 22:08:09','tweetSETX','RT @hou_oth_jobs General, LONE STAR TOOL & SUP #Jobs #Other #BEAUMONT http://mnstr.bz/locJza http://bit.ly/j12J3J',76772185225695232,'Tweet Southeast TX','http://a3.twimg.com/profile_images/139304093/setxflag_goldback_normal.png',0),(432,NULL,'2011-06-03 22:08:10','usajobsparadise','#chicago #jobs Clerk http://tiny.ly/qxPo',76772186072956929,'USA Jobs Paradise','http://a1.twimg.com/profile_images/1373408765/855_normal.jpg',0),(433,NULL,'2011-06-03 22:08:10','web_app_jobs','Ruby on Rails Developers at Intridea (Washington, DC): recognized industry leader in Rails development, an... http://bit.ly/mSWchB #jobs',76772185741606912,'Web App Jobs','http://a1.twimg.com/sticky/default_profile_images/default_profile_6_normal.png',0),(434,NULL,'2011-06-03 22:08:09','iphonesecrets1','how to make apps at http://bit.ly/mvC8fG. #makemoney #iphoneapps #iphone',76772185057931265,'iphone secrets','http://a2.twimg.com/profile_images/1341664383/iPhone_normal.png',0),(435,NULL,'2011-06-03 22:08:10','AndroidTablet','Social Experiment: How many +1s can #Google Take? :: ThePlusOneSite.com +1UP! http://t.co/zyJhAiT',76772188920881152,'Android Tablet News','http://a0.twimg.com/profile_images/1115894952/androidtablets-tapa_normal.png',0),(436,NULL,'2011-06-03 22:08:10','GetAniScienJobs','Principal Research Scie... - #Indianapolis , IN (http://tinyurl.com/3hcr2qn) Get Animal Science Jobs #AnimalScience #jobs #job #GetAllJobs',76772186483986432,'Animal Science Jobs','http://a2.twimg.com/profile_images/65469373/G_normal.png',0),(437,NULL,'2011-06-03 22:08:11','Tech_Circus','Did you hear? CO-PC,MM,SD at Rapisource (Auburn, AL): and SD. Functional knowledge of CO-PC. Overall... http://bit.ly/me594U #jobs #work',76772192540557312,'tech circus','http://a3.twimg.com/sticky/default_profile_images/default_profile_6_normal.png',0),(438,NULL,'2011-06-03 22:08:11','Tech_Circus','CO-PC,MM,SD at Rapisource (Auburn, AL) http://bit.ly/kOfItk #Jobs',76772192783831040,'tech circus','http://a3.twimg.com/sticky/default_profile_images/default_profile_6_normal.png',0),(439,NULL,'2011-06-03 22:08:13','NatriceR','RT @CCAC_Jobs: Performance Mgmt Consultant: Community Care Access Centres of Ontario / CCAC (Toronto ON): \"...Repo.. #jobs #healthcare h ...',76772199389872128,'Natrice Rese','http://a0.twimg.com/profile_images/1380399719/gigglegirl_normal.jpg',0),(440,NULL,'2011-06-03 22:08:14','hpsaturn','Cualquier flecha actual podría llegar a tener tecnología NFC http://bit.ly/lCqi9A #Android #CellPhones #NFC',76772203101822976,'Android Developer','http://a0.twimg.com/profile_images/1312692064/c2ba1593-020b-48b9-b4ac-bc50cac4af37_normal.png',0),(441,NULL,'2011-06-03 22:08:15','NurseJobsSAC','Hiring a Nurse Practitcioner / Sacramento, California Jobs (NP) Top P at Mediscan Staffing Service... http://bit.ly/kPaEOb #jobs #shjobs',76772210353766401,'Nursing Jobs','http://a0.twimg.com/profile_images/347945699/icon_normal.png',0),(442,NULL,'2011-06-03 22:08:15','fleetwoodnat','Staff Physical Therapist: Outpatient Orthopedics Accelerated Rehabilitation Centers http://tinyurl.com/3dujge7 #jobs #Freelance #job',76772210005651457,'NNNN','http://a3.twimg.com/profile_images/1355090054/45798_149892911707439_100000601922624_348823_6971603_n-11_normal.jpg',0),(443,NULL,'2011-06-03 22:08:16','victorkolomiets','@paveldruzyak @yevhene ?? ? ??? ????? ?????! ???? ??????? ??????????????? ?? ????? ?? ????-?? ??????? ?????????? ??? ?????????. ???? #iPhone',76772211360407552,'Victor Kolomiets','http://a2.twimg.com/profile_images/1220271478/_______normal.JPG',0),(444,NULL,'2011-06-03 22:08:15','GetFaPrPhysJobs','Phys... - #LakeOswego , OR (http://tinyurl.com/3jhnqnv) Get Family Practice Physician Jobs #FamilyPracticePhysician #jobs #job #GetAllJobs',76772210412503041,'GetFaPrPhysJobs','http://a2.twimg.com/profile_images/65599544/G_normal.png',0),(445,NULL,'2011-06-03 22:08:16','NurseJobsSAC','Hiring a ICU/CCU RN at - Trustaff (Woodland, CA) http://bit.ly/m6OXAJ #jobs #shjobs',76772213000372225,'Nursing Jobs','http://a0.twimg.com/profile_images/347945699/icon_normal.png',0),(446,NULL,'2011-06-03 22:08:16','NurseJobsSAC','Hiring a CVICU RN at - Trustaff (Woodland, CA) http://bit.ly/j3BcC1 #jobs #shjobs',76772211578515456,'Nursing Jobs','http://a0.twimg.com/profile_images/347945699/icon_normal.png',0),(447,NULL,'2011-06-03 22:08:17','NurseJobsSAC','Hiring a Emergency RN at - Trustaff (Folsom, CA) http://bit.ly/lCTUbB #jobs #shjobs',76772215219159040,'Nursing Jobs','http://a0.twimg.com/profile_images/347945699/icon_normal.png',0),(448,NULL,'2011-06-03 22:08:17','AndroidAtNight','Android powered Galaxy S 2 on @O2 - Fighting to quell the fruit motif within the mobile sphere. #blackberry #apple #orange',76772216494243840,'ClockworkBoomerang ?','http://a3.twimg.com/profile_images/1338749870/Photo_on_2011-05-02_at_14.46__3_normal.jpg',0),(449,NULL,'2011-06-03 22:08:18','IBM_SOA_BP','RT @SmartSOA: #IBM is rated #1 in #SOA market share with over 8,000 customers. #IBMSoftware #BizAgility. Learn more: http://bit.ly/IBMBi ...',76772222043308032,'IBM SOA Bus Partners','http://a3.twimg.com/profile_images/67498427/Birds08_normal.jpg',0),(450,NULL,'2011-06-03 22:08:19','BC_TopEmployers','Executive Assistant (SVP Consumer Customer Experience): Telus Corporation (Vancouver BC): \"...TELUS Co.. #jobs #BC #job http://bit.ly/lAbTTJ',76772223926546433,'BC\'s Top Employers','http://a0.twimg.com/profile_images/1246678062/bc2011_normal.png',0),(451,NULL,'2011-06-03 22:08:21','GetInPoProcJobs','Data Entry Clerk... - #Springfield , TN (http://tinyurl.com/3ds9y7h) Get Insurance Policy Processing Jobs #InsurancePolicyProcessing #jobs #',76772234538139648,'GetInPoProcJobs','http://a2.twimg.com/profile_images/65688232/G_normal.png',0),(452,NULL,'2011-06-03 22:08:22','tempdesignjobs','Decoupage for a catalog by ebruoktem http://bit.ly/kz3KOe #photoshop #jobs',76772238254280705,'Temp Design Jobs!','http://a0.twimg.com/profile_images/631596165/pencil-logo_normal.jpg',0),(453,NULL,'2011-06-03 22:08:24','LanguageJobsUSA','Foreign Language Analyst - MD - TS/SCI CI Poly Job at CACI International (Fort Meade, MD): Forei... http://bit.ly/jzuy7v #language #jobs',76772247389474817,'Language Jobs','http://a3.twimg.com/profile_images/681777508/language_job_normal.jpg',0),(454,NULL,'2011-06-03 22:08:28','JM32','How #Facebook Can Put #Google Out of Business http://t.co/36IumLW via @techcrunch',76772264581922816,'Jeff Moad','http://a0.twimg.com/profile_images/1014202614/pic-jeffmoad_normal.jpg',0),(455,NULL,'2011-06-03 22:08:29','iPhoneAppDeal','Precious Metal Calculators #app #iphone #ipad http://bit.ly/lRKjJM',76772269086609408,'The Man','http://a3.twimg.com/profile_images/1002485587/iPhoneAppDeal2_normal.png',0),(456,NULL,'2011-06-03 22:08:30','alvatarc','Whole day wasted on Twinview configuration! :S Apparently i can\'t switch off the laptop screen via Randr when cloning the output... #Linux',76772272559493120,'ÁlvaroCastroCastilla','http://a1.twimg.com/profile_images/1300102990/cartoon_normal.jpg',0),(457,NULL,'2011-06-03 22:08:30','Contractor_Net','Raleigh, NC: Window Replacement Major: #Windows : 55190 - Raleigh, NC 27607: Window Replacement Major http://bit.ly/mmUbRF',76772272978935809,'MyContractorLocator','http://a0.twimg.com/profile_images/1218172410/home_normal.png',0),(458,NULL,'2011-06-03 22:08:31','ljn_mke_office','Customer Service Representative 1 (Part Time) - Citizens Bank of Mukwonago #Mukwonago, WI http://MilwaukeeJobs.com/j/2309770 #jobs #ljn #job',76772274828623872,'MKE Office Jobs','http://a1.twimg.com/profile_images/1157541963/Briefcase_80x80__normal.png',0),(459,NULL,'2011-06-03 22:08:30','Contractor_Net','Monroe City, MO: Window Replacement Major: #Windows : 55189 - Monroe City, MO 63456: Window Replacement Major http://bit.ly/kFJeDw',76772270818856961,'MyContractorLocator','http://a0.twimg.com/profile_images/1218172410/home_normal.png',0),(460,NULL,'2011-06-03 22:08:31','bestukjobs','CNC Turner, Braintree, Essex http://dgrjob.com/82745 #jobs',76772276116258816,'Jobs in Everything','http://a1.twimg.com/profile_images/1130148835/twitter_logo_normal.gif',0),(461,NULL,'2011-06-03 22:08:32','__SubZero__','@Windows I think that #Windows 8 will work well on tablets and mobile devices, but I can\'t imagine it on PC... not with that UI.',76772280331538433,'Lukas Jack Jaro','http://a2.twimg.com/profile_images/1088091422/000111_normal.png',0),(462,NULL,'2011-06-03 22:08:31','charity_4_life','RT @JobsUnleashed: Find Customer Service jobs in Connecticut.  http://tiny.ly/dtcR  #Jobs',76772275512279040,'Charity','http://a3.twimg.com/profile_images/1332651848/charity4life_normal.jpg',0),(463,NULL,'2011-06-03 22:08:34','smarterhunt','Niekerk Home Base Productions An Online All Cities,\nAlabama  #america #usa #jobs http://ping.fm/TxPzo',76772289357680641,'Smarter','http://a1.twimg.com/sticky/default_profile_images/default_profile_2_normal.png',0),(464,NULL,'2011-06-03 22:08:36','GrassleyOffice','Q&A: Debt Ceiling Debate Should Force Fiscal Responsibility http://1.usa.gov/juiBW1 @ChuckGrassley #debtceiling #jobs #economy',76772297087778816,'Sen. Grassley\'s Ofc.','http://a0.twimg.com/profile_images/1350982108/NamePlateFlag_normal.jpg',0),(465,NULL,'2011-06-03 22:08:41','NexusOne_','The Guy In Charge Of Facebook\'s Secret Phone Project Leaves #android http://bit.ly/j8AsJm',76772316952010752,'Nexus One','http://a3.twimg.com/profile_images/642601313/android_copie_normal.png',0),(466,NULL,'2011-06-03 22:08:42','dnzJava','#java #job - Software Experts and Course instructors Needed - Work From Your Own... ($6,000) - http://donanza.com/t/3066880 #jobs',76772320710098944,'Java Projects','http://a1.twimg.com/profile_images/1273547773/thumbnail2_normal.jpg',0),(467,NULL,'2011-06-03 22:08:42','dnzPHP','#PHP #job - Web Developing - PHP (Max. $500) - http://donanza.com/t/3066943 #jobs',76772321708347395,'DoNanza php feed','http://a2.twimg.com/profile_images/1275669437/thumbnail3_normal.jpg',0),(468,NULL,'2011-06-03 22:08:42','dnzGraphiDesign','#freelance #graphic #design #job - Marketing & Graphic Design Work ($30 - 250) - http://donanza.com/t/3066904 #jobs',76772323700637696,'Graphics Projects','http://a1.twimg.com/profile_images/1275436071/thumbnail6_normal.jpg',0),(469,NULL,'2011-06-03 22:08:43','PLMJobs','7-Project Engineer - CAD/NX-CAE Job at GM (Pontiac, MI): 7-Project Engineer - CAD/NX-CAE-ENG0011172 The Pr... http://bit.ly/iISNE8 #jobs',76772327123206145,'PLM Jobs','http://a0.twimg.com/profile_images/75544485/TolsnetD10aR03aP02ZL_normal.png',0),(470,NULL,'2011-06-03 22:08:43','dnzSEO','#freelance #SEO #job - Keyword Research - SEO - http://donanza.com/t/3066780 #jobs',76772326909284352,'SEO Projects','http://a3.twimg.com/profile_images/1275680945/thumbnail8_normal.jpg',0),(471,NULL,'2011-06-03 22:08:43','dnzTranslation','#translation #job - Translator - Screenwriting (Max. $500) - http://donanza.com/t/3063063 #jobs',76772324854079488,'Translation projects','http://a2.twimg.com/profile_images/1275452349/thumbnail7_normal.jpg',0),(472,NULL,'2011-06-03 22:08:43','nachase','RT @NBSoftwareStore: New blog post: Universal signs licensing agreement with Apple  http://bit.ly/jV1TSn #apple #icloud',76772324044587009,'Nicholas Chase','http://a1.twimg.com/profile_images/189058500/2884858408_6c993e77e2_m_normal.jpg',0),(473,NULL,'2011-06-03 22:08:44','Illinoisjobs','Now hiring: Business Analyst - VWR International - Batavia, IL http://jobcircle.com/z8960002 #jobcircle #jobs',76772328444407808,'Illinois Jobs','http://a1.twimg.com/profile_images/104614087/blue_swirl_normal.jpg',0),(474,NULL,'2011-06-03 22:08:44','mainecoon50','It\'s clear the GOP holding the economy hostage to get Obama out of office. Only then will jobs appear. Cynical bastards! #GOP #obama #jobs',76772330377969665,'Alfred Meagher','http://a2.twimg.com/profile_images/1379350789/image_normal.jpg',0),(475,NULL,'2011-06-03 22:08:45','fatakae','???: ?? \"?????? ?????\" ????? ??? ????? ??? http://t.co/avYWY36”\n#apple \nRobber “wearing a white ninja suit” crashes into Apple Store',76772334358380544,'????? ?????','http://a0.twimg.com/profile_images/1325663836/fatakae_normal.jpg',0),(476,NULL,'2011-06-03 22:08:45','GetCasSecurJobs','Security Guard - #ColoradoSprings , CO (http://tinyurl.com/3cpxo59) Get Casino Security Jobs #CasinoSecurity #jobs #job #GetAllJobs',76772333460787201,'Casino Security Jobs','http://a2.twimg.com/profile_images/65498327/G_normal.png',0),(477,NULL,'2011-06-03 22:08:47','Harrisvederman','#obama looked as out of place inspecting a factory as John Kerry was wearing hunting gear. #Jobs',76772340805013506,'Harris Vederman','http://a0.twimg.com/profile_images/1214333842/Harrisvederman_normal.jpg',0),(478,NULL,'2011-06-03 22:08:49','EChavarro','RT @hpsaturn: Cualquier flecha actual podría llegar a tener tecnología NFC http://bit.ly/lCqi9A #Android #CellPhones #NFC',76772349562724352,'Eduardo Chavarro','http://a2.twimg.com/profile_images/1367263512/100_1402_normal.JPG',0),(479,NULL,'2011-06-03 22:08:49','DollarsPlanet','#miami #jobs Clerk-Front Desk http://tiny.ly/qxPo',76772352733618176,'Dollars Planet','http://a1.twimg.com/profile_images/1304744852/billionaire_normal.jpg',0),(480,NULL,'2011-06-03 22:08:50','GetDenAssisJobs','Dental Assistant - O... - #Minneapolis , MN (http://tinyurl.com/4xek99m) Get Dental Assistant Jobs #DentalAssistant #jobs #job #GetAllJobs',76772356743380992,'GetDenAssisJobs','http://a2.twimg.com/profile_images/65572439/G_normal.png',0),(481,NULL,'2011-06-03 22:08:52','SOSiPhone','SOSiPhone: Le gagnant de la carte iTunes du mois de mai et un résumé pour les autres lots http://bit.ly/mbaD4h #iphone #ipad #mobile',76772363412320256,'SOSiPhone','http://a3.twimg.com/profile_images/214471627/sosiphone_normal.png',0),(482,NULL,'2011-06-03 22:08:53','ronil_estevam','Alguém ai sabe como desabilitar o IPV6 do #Windows server 2008?',76772366885203968,'Ronil Estevam','http://a3.twimg.com/profile_images/1344527520/Foto0058_normal.jpg',0),(483,NULL,'2011-06-03 22:08:53','ljn_mke_BusFin','Customer Service Representative 1 (Part Time) - Citizens Bank of Mukwonago #Mukwonago, WI http://MilwaukeeJobs.com/j/2309770 #jobs #ljn #job',76772367958949888,'MKE Business Jobs ','http://a3.twimg.com/profile_images/1157566668/Briefcase_80x80__normal.png',0),(484,NULL,'2011-06-03 22:08:54','FAquila','US jobs data escalate fears of double dip http://tinyurl.com/6jtgv9x #jobs #recession',76772373445099520,'Frank Aquila','http://a1.twimg.com/profile_images/425696716/fja_nasdaq_normal.jpg',0),(485,NULL,'2011-06-03 22:08:53','NLRevolution','RT @kajleers: Ik heb nog niet één #VVD\'er of #CDA\'er gevonden die kan uitleggen waarom we wel fors bezuinigen op #pgb, maar niet de #JSF.',76772367875063808,'DutchRevolution','http://a1.twimg.com/profile_images/1380422039/8109f9791ca4a52cdc7621a44e658566RHV0Y2ggcmV2b2x1dGlvbi5qcGc__normal.jpg',0),(486,NULL,'2011-06-03 22:08:56','GA_SavannahNews','Administrative Support Specialist at Anesthesia Associates of Savannah, PA (Savannah, GA) http://dlvr.it/V0nfF #Jobs #GA',76772378843160576,'Savannah Georgia New','http://a1.twimg.com/profile_images/1266382303/imagesCA4MPSO3_bigger_1__normal.jpg',0),(487,NULL,'2011-06-03 22:08:56','GetDentistJobs','Lowell - Doctor On Call - #Lowell , MA (http://tinyurl.com/3umwh42) Get Dentist Jobs #Dentist #jobs #job #GetAllJobs',76772381603004416,'Get Dentist Jobs','http://a2.twimg.com/profile_images/65572801/G_normal.png',0),(488,NULL,'2011-06-03 22:08:56','josenaves','RT @developerworks: Five good prg habits in PHP - Habits for making your #PHP #code easy > http://su.pr/2LNGR0 #webdev #wevdesign #pr ...',76772381884039169,'josenaves','http://a0.twimg.com/profile_images/70908551/neto_normal.jpg',0),(489,NULL,'2011-06-03 22:08:56','GA_SavannahNews','Permanent Psychiatrist Job Corrections at Soliant Health (Savannah, GA) http://dlvr.it/V0nr2 #Jobs #GA',76772380332138496,'Savannah Georgia New','http://a1.twimg.com/profile_images/1266382303/imagesCA4MPSO3_bigger_1__normal.jpg',0),(490,NULL,'2011-06-03 22:08:58','TravelIndustry','RT @PatriciaVance: The Glorious of #Mount Bromo in East  #Java http://su.pr/9dF06c  #travel #tips',76772387466641408,'Travel Industry','http://a3.twimg.com/profile_images/686347514/14_26_4---Trevi-Fountain--Rome--Italy_web_normal.jpg',0),(491,NULL,'2011-06-03 22:09:02','Arvada_Jobs_CO','Arvada Jobs: Controller Job in Arvada 80002, Colorado US at Company Not Specified (Arvada, CO):... http://dlvr.it/V0nm7 #Jobs #Arvada',76772404805902336,'Arvada Jobs USA','http://a2.twimg.com/profile_images/1297077884/Search4_logo_magnifying_glass_normal.PNG',0),(492,NULL,'2011-06-03 22:09:02','GetHeEqMechJobs','Maint... - #Springfield , MA (http://tinyurl.com/3zqddhk) Get Heavy Equipment Mechanic Jobs #HeavyEquipmentMechanic #jobs #job #GetAllJobs',76772405720260608,'GetHeEqMechJobs','http://a2.twimg.com/profile_images/65616324/G_normal.png',0),(493,NULL,'2011-06-03 22:09:05','IA_DesMoines','#Jobs School near Des Moines has a SLP Job at Soliant Health (Des Moines, IA) http://dlvr.it/V0nvb #DesMoines #IA',76772418315759619,'Iowa Des Moines','http://a0.twimg.com/profile_images/1266867193/imagesCA4MPSO3_bigger_1__normal.jpg',0),(494,NULL,'2011-06-03 22:09:07','FinanceJob','Leveraged Finance Risk - £60000 - £65000 per annum - Angel Islingt... #jobs  http://jobsurl.com/ru8q',76772427002159105,'Finance Jobs UK','http://a2.twimg.com/profile_images/79204473/1042386_business_people_normal.jpg',0),(495,NULL,'2011-06-03 22:09:10','procurementorg','Job: Procurement Specialist - Fishnet Security -  Kansas City, MO: Overview\n\n:\n\nFishnet Procu... http://bit.ly/knTt3p #procurement #jobs',76772438200950784,'Procurement.org','http://a3.twimg.com/profile_images/1117837446/0511-0805-0411-3121_People_Holding_Hands_Around_the_Globe_clipart_image.jpg_normal.png',0),(496,NULL,'2011-06-03 22:09:09','procurementorg','Job: Procurement Officer - Michael Baker Corporation -  Linthicum, MD: Coordinates the fulfil... http://bit.ly/jBgmOo #procurement #jobs',76772436451926016,'Procurement.org','http://a3.twimg.com/profile_images/1117837446/0511-0805-0411-3121_People_Holding_Hands_Around_the_Globe_clipart_image.jpg_normal.png',0),(497,NULL,'2011-06-03 22:09:10','softcellcorp','#Softcell We Don´t Make Web Sites, We Make #Digital #Companies. #Desarrollo Web | #Hosting | #Dominios| #Mobile #google www.softcell.com.co',76772441090834433,'Luis F. Hernández','http://a3.twimg.com/profile_images/1284699886/logowindows_normal.jpg',0),(498,NULL,'2011-06-03 22:09:10','linuxnet','#linux #wireless  [PATCH 3/5] iwlagn: move all post scan functions in one place http://dlvr.it/V0nzg',76772440566534145,'Linux Networking','http://a1.twimg.com/profile_images/833409212/network-cable_normal.png',0),(499,NULL,'2011-06-03 22:09:11','linuxnet','#linux #wireless  [PATCH 4/5] iwlagn: direct call to post_scan function http://dlvr.it/V0p0P',76772443074732032,'Linux Networking','http://a1.twimg.com/profile_images/833409212/network-cable_normal.png',0),(500,NULL,'2011-06-03 22:09:15','schestowitz','My #GNU #Linux & #BSD Logo Zoo Version 2.0!  http://is.gd/j0Kixc Very nice piece of work',76772459663212544,'Schestowitz','http://a1.twimg.com/profile_images/1302257133/40262-198-20110406184844_normal.jpeg',0),(501,NULL,'2011-06-03 22:09:16','portablegamesus','ASUS Transformer Tablet - 16GB, #Android 3 Honeycomb, 10.1\" Touch Screen, #NVIDIA Tegra 2 from @TigerDirect - $399 | http://pgames.us/kqUjST',76772464369221632,'Portablegames.us','http://a1.twimg.com/profile_images/1368608446/pgus_twitter_logo_normal.gif',0),(502,NULL,'2011-06-03 22:09:18','glamourb1','RT\"@CurvyCoutureAsh: My  #youtube is not working!! Anybody else with #android doin the something? Havin any difficulties? #help\"',76772471759577088,'Belle Badazz','http://a1.twimg.com/profile_images/592486711/IMG00153_normal.JPG',0),(503,NULL,'2011-06-03 22:09:18','PhilGonzalez','Wow! Very interesting! ;) “@muenchner_kindl: Hide My Secret #iPhone App - How to blur sensitive material: http://t.co/xGfo3H6”',76772474523627521,'Philippe Gonzalez','http://a3.twimg.com/profile_images/1281805931/instagramers_logo_normal.jpg',0),(504,NULL,'2011-06-03 22:09:18','Jimmeh_P','#iPhone appears to be dieing :( fully charged at 915pm, now at 78%!!!!!',76772471667306497,'James Powney','http://a2.twimg.com/profile_images/1354920599/23131_614310108_3151_n_normal.jpg',0),(505,NULL,'2011-06-03 22:09:19','micikacook','I\'m really exciting about new iOS5! Will be perfect for my white iPhone4! #ios #iphone',76772476692070400,'Milica Djoric','http://a1.twimg.com/profile_images/1377776034/7635_1098193301930_1439568722_30239339_3700979_n.jpgmicikaaaaaaa_normal.jpg',0),(506,NULL,'2011-06-03 22:09:20','LA_LakeCharles','#Jobs Owner Operator at United Vision Logistics (Lake Charles, LA) http://dlvr.it/V0p1k #LakeCharles #LA',76772482492796928,'Lake Charles LA','http://a1.twimg.com/profile_images/1369145364/imagesCA4MPSO3_bigger_1__normal.jpg',0),(507,NULL,'2011-06-03 22:09:22','eBC_Jobs','Bay Area: Director of SEC -  (San Jose) http://bit.ly/jCCOEp #eBC #Jobs',76772487450460160,'eBayClassifiedsJobs','http://a1.twimg.com/profile_images/786506636/eBayClassifiedsWeb_73x73_normal.png',0),(508,NULL,'2011-06-03 22:09:22','eBC_Jobs','Bay Area: Needed Now-Director of Regulatory Management -  (San Francisco) http://bit.ly/irXKoT #eBC #Jobs',76772489346285568,'eBayClassifiedsJobs','http://a1.twimg.com/profile_images/786506636/eBayClassifiedsWeb_73x73_normal.png',0),(509,NULL,'2011-06-03 22:09:24','pfonsecaq','#Blackberry pierde participación en EE.UU. ante los productos de #Apple y #Google http://goo.gl/DCmzt  Blackberry cayó al 25,7% desde 30,4%',76772499328729089,'Pablo Fonseca Q.','http://a0.twimg.com/profile_images/1226784457/PFON_normal.jpg',0),(510,NULL,'2011-06-03 22:09:25','thekillerdj','is ELITE on Global War Online on my iPhone! Click the link to join my squad http://bit.ly/globalwarapp1 #iphone #ipod #ipad #Global War #GWO',76772500251480064,'Lwjsowgg','http://a1.twimg.com/sticky/default_profile_images/default_profile_6_normal.png',0),(511,NULL,'2011-06-03 22:09:26','androidevicespy','GT-P7510/GT-P7510/GT-P7510/samsung #android',76772507394387969,'Android Device Spy','http://a0.twimg.com/profile_images/582518132/eye_spy_1__normal.jpg',0),(512,NULL,'2011-06-03 22:09:28','ct100_jobs','Unit Operator - Caroline, Alberta: Shell Canada Limited (Caroline AB): \"...Responsibilities : The .. #jobs #Canada #job http://bit.ly/ktLgbl',76772513962672128,'CT100 Jobs','http://a2.twimg.com/profile_images/1011157627/ct2010_no_banner_normal.jpg',0),(513,NULL,'2011-06-03 22:09:28','smeablog','Un guide de l\'internet en 20 leçons proposé par les équipes de #Google Chrome en français : http://j.mp/kpVsGi (via @br1o) #EPN #RCBB',76772516655403008,'Smeablog','http://a3.twimg.com/profile_images/315179434/escargot_normal.png',0),(514,NULL,'2011-06-03 22:09:29','Calgary_ENG','MECHANICAL ENGINEER: Location: Calgary, Alberta, CANADA; Edmonton, Alberta, CANADA\n                       ... http://bit.ly/iusDoJ #jobs',76772517691392000,'Calgary Engineering','http://a0.twimg.com/profile_images/899680825/TwitterIcon_normal.gif',0),(515,NULL,'2011-06-03 22:09:28','Calgary_ENG','Technical Standards Engineer: Location: Calgary, Alberta, CANADA\n                                    Job C... http://bit.ly/ljII1q #jobs',76772516605083648,'Calgary Engineering','http://a0.twimg.com/profile_images/899680825/TwitterIcon_normal.gif',0),(516,NULL,'2011-06-03 22:09:30','GetAVTechnJobs','Media Technician - #GrandRapids , MI (http://tinyurl.com/3vmn3m6) Get AV Technician Jobs #AVTechnician #jobs #job #GetAllJobs',76772522829426688,'AV Technician Jobs','http://a2.twimg.com/profile_images/65477170/G_normal.png',0),(517,NULL,'2011-06-03 22:09:30','marcinzajac77','RT @theJoshMeister: Just collected a live sample of MacProtector.mpkg.zip! Not sweet: #Apple didn\'t block it. 6/41 detection on VirusTot ...',76772520879067136,'Marcin Zaj?c','http://a2.twimg.com/profile_images/940663731/i-1_normal.jpg',0),(518,NULL,'2011-06-03 22:09:31','FunFareTravel','Customer Service #jobs in Akron, OH Customer service job interviews are available  http://customer-service-jobs.blogspot.com',76772527426371584,'Travel Gal','http://a2.twimg.com/profile_images/1262504182/Aegean_Wedding3A021109_normal.jpg',0),(519,NULL,'2011-06-03 22:09:31','nachase','RT @CareerFan: Career Talent: \"Desktop / Hardware Support Technician\" - http://bit.ly/kewVqb #Memphis #TN #Jobs',76772527837425664,'Nicholas Chase','http://a1.twimg.com/profile_images/189058500/2884858408_6c993e77e2_m_normal.jpg',0),(520,NULL,'2011-06-03 22:09:32','nymobjobs','#nyc Senior Quality Assurance  Engineer http://bit.ly/lBVmcr #mobile #jobs',76772530685358080,'New York Mobile Jobs','http://a1.twimg.com/profile_images/1310632569/locmobjobs_normal.png',0),(521,NULL,'2011-06-03 22:09:32','nymjobs','Compliance Officer-Securities http://bit.ly/lWF39Q #ny #marketing #jobs',76772531373228032,'NY Marketingjobs','http://a1.twimg.com/profile_images/1077644968/nymj_normal.png',0),(522,NULL,'2011-06-03 22:09:32','nymjobs','TMP Server Food http://bit.ly/iWl5Oa #ny #marketing #jobs',76772532568604672,'NY Marketingjobs','http://a1.twimg.com/profile_images/1077644968/nymj_normal.png',0),(523,NULL,'2011-06-03 22:09:33','nymjobs','FT Attendant Room http://bit.ly/iHn5c0 #ny #marketing #jobs',76772533646540800,'NY Marketingjobs','http://a1.twimg.com/profile_images/1077644968/nymj_normal.png',0),(524,NULL,'2011-06-03 22:09:33','nymjobs','Dir Property Operations http://bit.ly/mCIZk8 #ny #marketing #jobs',76772535374585856,'NY Marketingjobs','http://a1.twimg.com/profile_images/1077644968/nymj_normal.png',0),(525,NULL,'2011-06-03 22:09:33','nymjobs','Assistant General Manager http://bit.ly/iA4kuD #ny #marketing #jobs',76772536528027648,'NY Marketingjobs','http://a1.twimg.com/profile_images/1077644968/nymj_normal.png',0),(526,NULL,'2011-06-03 22:09:32','discoFMnl','On air: Silver Convention - Fly Robin Fly. #Apple #IPhone #IPad user? Download our #disco #webradio #app for free! Visit #AppStore !',76772533415845890,'discoFM .nl','http://a0.twimg.com/profile_images/1088540985/discofm_normal.png',0),(527,NULL,'2011-06-03 22:09:32','goonersupporter','RT @androidcentral: New HTC Flyer update brings \'improved performance\' http://bit.ly/mzwF0W #android',76772532480524288,'JC','http://a3.twimg.com/profile_images/1206977411/WINTER_WONDERLAND_HYDE_PARK_023_normal.JPG',0),(528,NULL,'2011-06-03 22:09:36','vwrintl_jobs','Now hiring: Business Analyst - VWR International - Batavia, IL http://jobcircle.com/zwun #jobs',76772547584196608,'VWR International','http://a0.twimg.com/profile_images/323066905/VWR_Logo_73x73_normal.jpg',0),(529,NULL,'2011-06-03 22:09:37','Gadsden_Jobs','Gadsden Job: Nurse Practitioner Job in Gadsden 35901, Alabama US at Company Not Specified (Gadsden, AL):... http://dlvr.it/V0p38 #Jobs',76772551887556610,'Gadsden Jobs USA','http://a2.twimg.com/profile_images/1191842093/Search4_logo_magnifying_glass_normal.PNG',0),(530,NULL,'2011-06-03 22:09:37','klapster','@kajleers tegenargument is dat bezuinigen op de#jsf pas vanaf 2019 helpt.',76772552776749056,'Jasper Klapwijk','http://a0.twimg.com/profile_images/1299573806/AVA_normal.jpg',0),(531,NULL,'2011-06-03 22:09:37','SallieSmi45','HOW TO NEGOTIATE THE SALARY http://t.co/vHyTXc4?=mti0 #iphone',76772553150042113,'Sallie Smith','http://a1.twimg.com/profile_images/1238926341/img_5628_normal.jpeg',0),(532,NULL,'2011-06-03 22:09:38','Kenosha_Jobs','Kenosha Job: Mental Health Professional (Kenosha) at Rogers Memorial Hospital (Kenosha, WI): & Adolescent Day... http://dlvr.it/V0p3D #Jobs',76772556144771073,'Kenosha Jobs USA','http://a2.twimg.com/profile_images/1157188326/Search4_logo_magnifying_glass_normal.PNG',0),(533,NULL,'2011-06-03 22:09:38','Thijsje013','OMG een jongen verkoopt zijn #nier voor een #Ipad en #iphone, hoe levenloos ben je dan? Hij heeft hem nog verkocht ook... wtf',76772556237062145,'Thijs van den oord','http://a2.twimg.com/profile_images/1355017452/image_normal.jpg',0),(534,NULL,'2011-06-03 22:09:39','PFCBronsema','RT @connectandroid: Gameloft Posts Trailer for Upcoming 9mm Game for Android [NSFW] http://bit.ly/lw3xHU #android',76772562092298240,'PFCBronsema','http://a3.twimg.com/profile_images/1374687616/tgg9UMoo_normal',0),(535,NULL,'2011-06-03 22:09:40','Burbank_Jobs_CA','Burbank Job: Senior Project Manager, Business Transformation Services (Burbank or Oakland at Kaiser Permanente... http://dlvr.it/V0nsm #Jobs',76772564650819584,'Burbank Jobs USA','http://a2.twimg.com/profile_images/1154156851/Search4_logo_magnifying_glass_normal.PNG',0),(536,NULL,'2011-06-03 22:09:40','hey_Arnold69','is a VIP on Original Gangstaz on my iPhone! Click the link to join my gang http://bit.ly/originalgz #iphone #ipod #ipad #OG',76772564822786048,'Arnold Arquillo','http://a2.twimg.com/profile_images/1379166421/image_normal.jpg',0),(537,NULL,'2011-06-03 22:09:40','ErnsTweets','Rob Kasegrande, Delotitte Consulting, said DC uses @TheLadders and @linkedin for experienced #hiring @SternEMBA http://t.co/oSYlGFN',76772564864737280,'Ernest Feiteira','http://a1.twimg.com/profile_images/54187928/ejf_sketch_normal.jpg',0),(538,NULL,'2011-06-03 22:09:41','chattatweets','#CHA most popular tags: #jobs, #cha, #devchatt',76772569298116608,'chattatweets','http://a3.twimg.com/profile_images/718850668/cha_normal.png',0),(539,NULL,'2011-06-03 22:09:42','JobsDirectUSA','#sanfrancisco #jobs Receptionist - Peet\'s Coffee & Tea -  Emeryville, CA http://bit.ly/jGnytz http://bit.ly/ciu28u',76772573098160128,'JobsDirectUSA.com','http://a2.twimg.com/profile_images/1363816036/twitter_normal.png',0),(540,NULL,'2011-06-03 22:09:43','arleenasaroki','i remember when #blackberry and #apple were just fruit! @kierraashantelx, @drakkardnoir, @KhloeKardashian',76772578311667712,'Arleena Saroki','http://a2.twimg.com/profile_images/1313560225/284711879_normal.jpg',0),(541,NULL,'2011-06-03 22:09:43','PFCBronsema','RT @connectandroid: New HTC Flyer update brings \'improved performance\' http://bit.ly/lkEb5m #android',76772579116974080,'PFCBronsema','http://a3.twimg.com/profile_images/1374687616/tgg9UMoo_normal',0),(542,NULL,'2011-06-03 22:09:46','TherapistJobSTL','Hiring a Physical Therapist at Phoenix Physical Therapy (Swansea, IL) http://bit.ly/mQQK5b #jobs #shjobs',76772589539835904,'Therapist Jobs','http://a0.twimg.com/profile_images/348457977/icon_normal.png',0),(543,NULL,'2011-06-03 22:09:46','TherapistJobSTL','Hiring a Traveling Physical Therapist at Travel Staffing at Amedisys (Belleville, IL) http://bit.ly/lCR6zq #jobs #shjobs',76772590567440384,'Therapist Jobs','http://a0.twimg.com/profile_images/348457977/icon_normal.png',0),(544,NULL,'2011-06-03 22:09:46','NFCPhones','The Difference Between The Top Ten iPhone & Android Applications http://bit.ly/mCO2OS #Android',76772591116877824,'NFC Phones','http://a3.twimg.com/sticky/default_profile_images/default_profile_4_normal.png',0),(545,NULL,'2011-06-03 22:09:46','TheNewAdmn','The Difference Between The Top Ten iPhone & Android Applications http://bit.ly/lIeTHR #Android',76772591326609408,'Micheal','http://a2.twimg.com/profile_images/1215037478/fbm1hM.qrcode_normal.JPG',0),(546,NULL,'2011-06-03 22:09:46','TherapistJobSTL','Hiring a Massage Therapist Job at Life Time Fitness (Ellisville, MO) http://bit.ly/iC3LeN #jobs #shjobs',76772588461887488,'Therapist Jobs','http://a0.twimg.com/profile_images/348457977/icon_normal.png',0),(547,NULL,'2011-06-03 22:09:47','TherapistJobSTL','Hiring a Physical Therapist at NHC Healthcare - Maryland Heights (Maryland Heights, MO) http://bit.ly/m1KtTK #jobs #shjobs',76772592601669632,'Therapist Jobs','http://a0.twimg.com/profile_images/348457977/icon_normal.png',0),(548,NULL,'2011-06-03 22:09:46','jamie23462','The Difference Between The Top Ten iPhone & Android Applications http://bit.ly/lVcZO1 #Android',76772591267880961,'Jamie Morgan','http://a2.twimg.com/profile_images/1134918987/8002054Hlxx_normal.jpg',0),(549,NULL,'2011-06-03 22:09:47','Sabresgirl42','RT @MouseWait: Check out our live updating Star Tours page in the Lounge http://ow.ly/59G3N #Disneyland #iPhone #Android',76772592240951297,'Amanda ','http://a3.twimg.com/profile_images/1356318499/jennifer-lopez_normal.jpg',0),(550,NULL,'2011-06-03 22:09:46','Tweet__Jobs','#twitter - Blog QA/Coordinator -: Metroland Media Group Ltd. (Markham ON): \"...Twitter Comfor... http://bit.ly/kPJvl1 #jobs #canada #job',76772592081571840,'Jobs for Tweeters','http://a2.twimg.com/profile_images/1246633057/eluta_no_text_normal.png',0),(551,NULL,'2011-06-03 22:09:46','TherapistJobSTL','Hiring a Speech/Language Therapist/Pathologist - Inpatient at Onward Healthcare (St Louis, MO) http://bit.ly/iu2INC #jobs #shjobs',76772591565676544,'Therapist Jobs','http://a0.twimg.com/profile_images/348457977/icon_normal.png',0),(552,NULL,'2011-06-03 22:09:47','Tweet__Jobs','#twitter Manager-in-Training: Lush Handmade Cosmetics Ltd. (Calgary AB): \"...Twitter: http://... http://bit.ly/kzDFox #jobs #canada #job',76772593042067456,'Jobs for Tweeters','http://a2.twimg.com/profile_images/1246633057/eluta_no_text_normal.png',0),(553,NULL,'2011-06-03 22:09:47','Tweet__Jobs','#twitter Manager-in-Training QC: Lush Handmade Cosmetics Ltd. (Laval QC): \"...Twitter au : ht... http://bit.ly/llvmZK #jobs #canada #job',76772594048696320,'Jobs for Tweeters','http://a2.twimg.com/profile_images/1246633057/eluta_no_text_normal.png',0),(554,NULL,'2011-06-03 22:09:47','Tweet__Jobs','#twitter Online Producer (Digital Drum) - Winnipeg: Aboriginal Peoples Television Network Inc... http://bit.ly/jAsuF0 #jobs #canada #job',76772595797737472,'Jobs for Tweeters','http://a2.twimg.com/profile_images/1246633057/eluta_no_text_normal.png',0),(555,NULL,'2011-06-03 22:09:50','AlwaysAJob','#Jobs Software Engineer II: Smyrna, Tennessee		Company\n		Software Engineer II – Smyrna, TN· C... http://bit.ly/lZwiHc www.alwaysajob.com',76772608238034946,'AlwaysAJob.com','http://a1.twimg.com/profile_images/959292971/puzzle_normal.png',0),(556,NULL,'2011-06-03 22:09:51','wommusic','On June 6th Steve Jobs will - among other things - deliver the near-future of the music biz in his keynote for #Apple - tune in!',76772609706049536,'Wommusic','http://a3.twimg.com/profile_images/1128996701/oursecretworld_final_copy_normal.jpg',0),(557,NULL,'2011-06-03 22:09:51','AlwaysAJob','#Jobs Senior Quality Assurance (QA) Engineer: New York, New York		Company  FXCM Inc. (NYSE: F... http://bit.ly/mxy76Y www.alwaysajob.com',76772611752857600,'AlwaysAJob.com','http://a1.twimg.com/profile_images/959292971/puzzle_normal.png',0),(558,NULL,'2011-06-03 22:09:51','umaj','RT @BloombergWest: #Apple has reached an agreement with Universal Music, setting the stage for its new cloud-based music service. http:/ ...',76772609836060672,'Ulla Majoube','http://a1.twimg.com/profile_images/112053326/me_in_spring_normal.jpg',0),(559,NULL,'2011-06-03 22:09:51','AlwaysAJob','#Jobs Business Systems Analyst: Duluth, Georgia		CompanyBUSINESS SYSTEMS ANALYST FOR INNOTRAC... http://bit.ly/iLK9OI www.alwaysajob.com',76772612897902592,'AlwaysAJob.com','http://a1.twimg.com/profile_images/959292971/puzzle_normal.png',0),(560,NULL,'2011-06-03 22:09:53','iAMb_nani','i havent been on my phone ALL day \'nd that shxt got 5% battery . W T F ? #android',76772620816752640,'brandy hurt','http://a2.twimg.com/profile_images/1378206782/IMAG0913_normal.jpg',0),(561,NULL,'2011-06-03 22:09:54','TherapistJobIND','Hiring a Occupational Therapist at Critical Connection (Morristown, IN) http://bit.ly/kyrGvv #jobs #shjobs',76772622272180224,'Therapist Jobs','http://a3.twimg.com/profile_images/348476092/icon_normal.png',0),(562,NULL,'2011-06-03 22:09:54','pocketplanet_en','#Android New HTC Flyer update brings \'improved performance\' http://bit.ly/lGWaaf #Pocketplanet_en',76772622402199552,'Pocketplanet','http://a3.twimg.com/profile_images/549597187/Pocketplanet_Logo_klein_normal.jpg',0),(563,NULL,'2011-06-03 22:09:54','TherapistJobIND','Hiring a Occupational Therapist/OT, SNF Setting at Alure Jobs (Morristown, IN) http://bit.ly/jRPX5Q #jobs #shjobs',76772623333339138,'Therapist Jobs','http://a3.twimg.com/profile_images/348476092/icon_normal.png',0),(564,NULL,'2011-06-03 22:09:53','TherapistJobIND','Hiring a Physical Therapist at Critical Connection (Indianapolis, IN) http://bit.ly/m7y9qi #jobs #shjobs',76772619180978176,'Therapist Jobs','http://a3.twimg.com/profile_images/348476092/icon_normal.png',0),(565,NULL,'2011-06-03 22:09:53','TherapistJobIND','Hiring a Physical Therapist/PT, Retirement Community Settin at Alure Jobs (Indianapolis, IN) http://bit.ly/jakvNz #jobs #shjobs',76772620850307072,'Therapist Jobs','http://a3.twimg.com/profile_images/348476092/icon_normal.png',0),(566,NULL,'2011-06-03 22:09:54','LondonMarketJob','Product Strategy Marketing Manager - London - London #job #jobs #hiring #career http://bit.ly/lKTSZe',76772624251895809,'LondonMarketingJobs','http://a0.twimg.com/profile_images/1262249994/social_logo_star_uk_jobs_normal.gif',0),(567,NULL,'2011-06-03 22:09:55','JobHitsUS','Principal Performance Engineer job in Houston, TX at Request Technology, LLC http://bit.ly/kyypFm #Oracle',76772626256760832,'JobHits.net','http://a2.twimg.com/profile_images/533240302/JobHits64x64_normal.png',0),(568,NULL,'2011-06-03 22:09:54','PBS39FtWayne','RT @NewsHour: Tonight @NewsHour : #Jobs (or lack thereof), #MiddleEast updates, Mark Shields and David Brooks, and more',76772624465801216,'PBS39 Fort Wayne','http://a1.twimg.com/profile_images/1247216039/PBS39Online170Million_normal.jpg',0),(569,NULL,'2011-06-03 22:09:56','sowerbybadass','is a VIP on Original Gangstaz on my iPhone! Click the link to join my gang http://bit.ly/originalgz #iphone #ipod #ipad #OG',76772634049789952,'Ryan Fielding','http://a1.twimg.com/sticky/default_profile_images/default_profile_6_normal.png',0),(570,NULL,'2011-06-03 22:09:57','isimgt','#google no dara soporte a IE7 y FF3.5 desde el 1ro de Agosto.. alfin buena noticia http://rod.gs/Qii',76772634204971008,'-SIMgt-','http://a0.twimg.com/profile_images/1301262180/230afe81-cf50-4e78-9f10-76b89e2ff950_normal.png',0),(571,NULL,'2011-06-03 22:09:57','ljn_msn_mfg','Fork Lift Driver/Band Saw Operator - Life Style Staffing #Middleton, WI http://JobsInMadison.com/j/2359720 #jobs #ljn #job',76772636335681536,'Manufacturing Jobs','http://a0.twimg.com/profile_images/1159085820/Briefcase_80x80__normal.png',0),(572,NULL,'2011-06-03 22:09:58','GetSalManagJobs','Outside Sales Representative -... - #OakLawn , IL (http://tinyurl.com/3e2zowh) Get Sales Manager Jobs #SalesManager #jobs #job #GetAllJobs',76772641901510656,'Sales Manager Jobs','http://a2.twimg.com/profile_images/65855002/G_normal.png',0),(573,NULL,'2011-06-03 22:09:58','JobsDirectUSA','#philadelphia #jobs Cashier - IKEA -  Philadelphia, PA http://bit.ly/mwAqce http://bit.ly/c1LswN',76772641201070082,'JobsDirectUSA.com','http://a2.twimg.com/profile_images/1363816036/twitter_normal.png',0),(574,NULL,'2011-06-03 22:09:58','JobsDirectUSA','#philadelphia #jobs Tobacco Audit - Drug Store -  Philadelphia, PA http://bit.ly/iw12Be http://bit.ly/c1LswN',76772642291580928,'JobsDirectUSA.com','http://a2.twimg.com/profile_images/1363816036/twitter_normal.png',0),(575,NULL,'2011-06-03 22:09:59','techSHEblog','#jobseekers #socialmedia #jobs Social Networking for Career Success, A CNN “Top 10 Job Tweeter” : http://t.co/wAI27aK',76772644166434816,'Cynthia Schames','http://a2.twimg.com/sticky/default_profile_images/default_profile_3_normal.png',0),(576,NULL,'2011-06-03 22:10:00','YummyBreaks','Cristy Rice (http://tinyurl.com/42b2qxy) is the Yummy Break of this hour #sexy #iphone #nsfw #babes #ipad #models @yummybreaks',76772646875971584,'Yummy Breaks','http://a2.twimg.com/profile_images/1250405032/yummy-avatar_normal.jpg',0),(577,NULL,'2011-06-03 22:10:00','Wanderingtradr','Google acquired postrank AND feedburner? #wtf #google #seo --> their taking over the internet... http://j.mp/iRIkqR',76772649640009728,'Marcello Arrambide','http://a2.twimg.com/profile_images/930457245/Iceland_pic_normal.jpg',0),(578,NULL,'2011-06-03 22:10:01','jffa_jobs','C#.NET Developer $26-$33/hr FT http://jobsffa.com/jobs/12899 Honolulu, Hawaii #HI #jobs #hiring',76772652966100992,'JobsFreeForAll Jobs','http://a3.twimg.com/profile_images/1128590743/JFFA_avatar_normal.jpg',0),(579,NULL,'2011-06-03 22:10:00','boringatwork','Web 2 Map: The Data Layer - Visualizing the Big Players in the Internet Economy: As I wrote last month,... http://8inent.com/2s3 #GOOGLE',76772650374021120,'boringatwork','http://a3.twimg.com/profile_images/1364180439/d56a3291_c86a_58ac_normal.jpg',0),(580,NULL,'2011-06-03 22:10:01','jobsinjobsbyref','#jobs GM/DGM- Center of Excellence  - 2 Opening(s)\n\r17-May-2011\n\rhttp://jobsbyref.com/j/267840',76772653796564993,'JobsInJobsByRef','http://a2.twimg.com/profile_images/563061198/logo-small-80x80-b-text_normal.png',0),(581,NULL,'2011-06-03 22:10:01','bestukjobs','CNC Miller, Braintree, Essex http://dgrjob.com/82746 #jobs',76772653763018752,'Jobs in Everything','http://a1.twimg.com/profile_images/1130148835/twitter_logo_normal.gif',0),(582,NULL,'2011-06-03 22:10:02','2ofrolov','#iphone - ??? ??? 25-????????????? ????. ????? ????? ???, ?? ???????, ????? ?????? ?????????? ????????????, ??… (cont) http://deck.ly/~oiN2e',76772656900358146,'Oleg Frolov','http://a1.twimg.com/profile_images/1357897877/_______normal.jpg',0),(583,NULL,'2011-06-03 22:10:02','intellegojobs','New job leads for the unemployed #VoIP Engineer, Administrator, Developer. #Jobs in the state of Arizona http://bit.ly/dlORi0 #hiring',76772657005207553,'IntellegoJobs','http://a3.twimg.com/profile_images/764620786/logo30p_normal.jpg',0),(584,NULL,'2011-06-03 22:10:02','jffa_HI','RT @jffa_jobs: C#.NET Developer $26-$33/hr FT http://jobsffa.com/jobs/12899 Honolulu, Hawaii #HI #jobs #hiring',76772655809822721,'Hawaii Jobs FREE4All','http://a2.twimg.com/profile_images/307570372/JFFA_avatar_normal.jpg',0),(585,NULL,'2011-06-03 22:10:02','DoDLiveMil','Military spouses in Los Angeles looking for #jobs? Check out this hiring fair: http://ht.ly/59KWk #sot #milfam #milspouse',76772657500139520,'DoDLivemil','http://a2.twimg.com/profile_images/1290536648/DoDLive_twitface_normal.jpg',0),(586,NULL,'2011-06-03 22:10:02','intellegojobs','Indiana #JOBS Currently Available for the #VoIP Engineer, Administrator, Developer http://bit.ly/djJtWF #hiring',76772657546272768,'IntellegoJobs','http://a3.twimg.com/profile_images/764620786/logo30p_normal.jpg',0),(587,NULL,'2011-06-03 22:10:02','intellegojobs','New Washington JOB Leads for the Unemployed #VoIP Engineer, Administrator, Developer http://bit.ly/bRExmn #jobs #hiring',76772657017782272,'IntellegoJobs','http://a3.twimg.com/profile_images/764620786/logo30p_normal.jpg',0),(588,NULL,'2011-06-03 22:10:02','app25','[???????]???? - BeMap Inc. - ?? #iPhone - ???????????????????????????????????????????????????????????... http://bit.ly/jK2Ads',76772658238328834,'iPhone????????25','http://a1.twimg.com/profile_images/649512520/apple-touch-icon-256__3__normal.png',0),(589,NULL,'2011-06-03 22:10:02','iPhoneAppsJP','AppStore ?????? No.91[silent camera + photo folder management][Photography][115?] http://bit.ly/glNvTX  #appstore #iPhone #Apps #Ranking',76772657667911680,'iPhoneAppsJP','http://a0.twimg.com/profile_images/957758559/ngzha40q4_normal.jpg',0),(590,NULL,'2011-06-03 22:10:03','Waterloo_Jobs_','Waterloo Jobs: Loss Prevention Manager at Sears Holdings (Waterloo, IA): - Kmart State or... http://dlvr.it/V0p6k #Jobs #Waterloo',76772659991547904,'Waterloo Jobs USA','http://a2.twimg.com/profile_images/1363074703/Search4_logo_magnifying_glass_normal.PNG',0),(591,NULL,'2011-06-03 22:10:03','Waterloo_Jobs_','Waterloo Jobs: Combustion Turbine Specialist at MidAmerican Energy Holdings Company (Waterloo, IA):... http://dlvr.it/V0p6x #Jobs #Waterloo',76772660910104576,'Waterloo Jobs USA','http://a2.twimg.com/profile_images/1363074703/Search4_logo_magnifying_glass_normal.PNG',0),(592,NULL,'2011-06-03 22:10:03','iPhoneAppsJP','AppStore ????????? No.68-> No.50[Pocket Latte Art][Entertainment][??] http://bit.ly/ikmHnv  #appstore #iPhone',76772662281646081,'iPhoneAppsJP','http://a0.twimg.com/profile_images/957758559/ngzha40q4_normal.jpg',0),(593,NULL,'2011-06-03 22:10:03','Thijsje013','OMG een jongen verkoopt zijn #nier voor een #Ipad en #iphone, hoe levenloos ben je dan? Hij heeft hem nog verkocht ook... wtf--- idd',76772663003066368,'Thijs van den oord','http://a2.twimg.com/profile_images/1355017452/image_normal.jpg',0),(594,NULL,'2011-06-03 22:10:04','Waterloo_Jobs_','Waterloo Jobs: FEA Analyst at John Deere (Waterloo, IA): Deere Product Engineering Center in... http://dlvr.it/V0p8F #Jobs #Waterloo',76772664248778753,'Waterloo Jobs USA','http://a2.twimg.com/profile_images/1363074703/Search4_logo_magnifying_glass_normal.PNG',0),(595,NULL,'2011-06-03 22:10:03','Waterloo_Jobs_','Waterloo Jobs: Senior FEA Analyst at John Deere (Waterloo, IA): Deere Product Engineering Center in... http://dlvr.it/V0p86 #Jobs #Waterloo',76772663426678784,'Waterloo Jobs USA','http://a2.twimg.com/profile_images/1363074703/Search4_logo_magnifying_glass_normal.PNG',0),(596,NULL,'2011-06-03 22:10:04','SuqranM','@SamJonson1 Niekerk Home Base Productions An Online All Cities, Alabama #america #usa #jobs http://ping.fm/TxPzo',76772666140401664,'SuqranM','http://a3.twimg.com/profile_images/1376497197/images__1__normal.jpg',0),(597,NULL,'2011-06-03 22:10:04','EmobilityJobs','#emobility #jobs #green Mitarbeiter Technische Dokumentation (m/w) bei Green Fuels Pioneer… http://bit.ly/kWogZP',76772667214147584,'Emobility Jobs','http://a0.twimg.com/profile_images/1239340201/WIE_1_normal.jpg',0),(598,NULL,'2011-06-03 22:10:04','Waterloo_Jobs_','Waterloo Jobs: PTA at Therapeutic Resources (Waverly, IA): skilled nursing facility located in... http://dlvr.it/V0p8Q #Jobs #Waterloo',76772665309937664,'Waterloo Jobs USA','http://a2.twimg.com/profile_images/1363074703/Search4_logo_magnifying_glass_normal.PNG',0),(599,NULL,'2011-06-03 22:10:04','GetSocWorkeJobs','Social Worker - #Milwaukee , WI (http://tinyurl.com/44ugaug) Get Social Worker Jobs #SocialWorker #jobs #job #GetAllJobs',76772665293148161,'Social Worker Jobs','http://a2.twimg.com/profile_images/65855896/G_normal.png',0),(600,NULL,'2011-06-03 22:10:05','jobsinjobsbyref','#jobs SAP IT Auditor  - 2 Opening(s)\n\r17-May-2011\n\rhttp://jobsbyref.com/j/267841',76772667881037824,'JobsInJobsByRef','http://a2.twimg.com/profile_images/563061198/logo-small-80x80-b-text_normal.png',0),(601,NULL,'2011-06-03 22:10:04','iPhoneAppsJP','???????????? for iPhone ???????? ?? #appstore #iPhone #iPodTouch  #Apps http://bit.ly/d2WAiA',76772665356062720,'iPhoneAppsJP','http://a0.twimg.com/profile_images/957758559/ngzha40q4_normal.jpg',0),(602,NULL,'2011-06-03 22:10:05','php_gigs','Uniqe promoting software http://phpgigs.net/20540 #php',76772669047058432,'PHP gigs','http://a2.twimg.com/profile_images/1286709998/php_logo_normal.png',0),(603,NULL,'2011-06-03 22:10:05','amandamork','How #Facebook Can Put #Google Out of Business http://t.co/vZmxJ5g via @techcrunch',76772671496519681,'Miss Mork','http://a0.twimg.com/profile_images/1358876577/Picture_2_normal.png',0),(604,NULL,'2011-06-03 22:10:08','JobRTBot','RT @dnzSEO #freelance #SEO #job - Keyword Research - SEO - http://donanza.com/t/3066780 #jobs :)',76772680782716932,'Follow 4 Jobs','http://a1.twimg.com/profile_images/671825341/job_pic_001_normal.jpg',0),(605,NULL,'2011-06-03 22:10:08','jobsinjobsbyref','#jobs PR205 - Sales Coordinator Walkin 7May-11\n\r17-May-2011\n\rhttp://jobsbyref.com/j/267842',76772681709658112,'JobsInJobsByRef','http://a2.twimg.com/profile_images/563061198/logo-small-80x80-b-text_normal.png',0),(606,NULL,'2011-06-03 22:10:08','Takioko','A partir del otro mes #Google hará mas amigable la presentación de #imagenes   http://ow.ly/59ld6 #redessociales',76772682418499584,'Takioko Asesores','http://a0.twimg.com/profile_images/1079189182/takiokobola1_normal.jpg',0),(607,NULL,'2011-06-03 22:10:08','EmobilityJobs','#emobility #jobs #green E-mobility - Entwicklungsingenieur Berechnung Elektromobilität (m/w)… http://bit.ly/mFpVIp',76772682556899328,'Emobility Jobs','http://a0.twimg.com/profile_images/1239340201/WIE_1_normal.jpg',0),(608,NULL,'2011-06-03 22:10:09','jobangebote','Vertriebsmanager mit Perspektive zum Vertriebsleiter (m/w) | Mehrere Dienstsitze #jobs - http://4fb.in/6fca',76772687321640960,'Jobangebote','http://a3.twimg.com/profile_images/237741459/jobtweet-bild_normal.jpg',0),(609,NULL,'2011-06-03 22:10:10','Appdevsme','Replace That Prize Wheel With Your iPad Using iPrizewheel HD http://bit.ly/l0luax #apple',76772688802230272,'AppDevs.me','http://a2.twimg.com/profile_images/1260292176/tw_normal.jpg',0),(610,NULL,'2011-06-03 22:10:10','AhmedAG','Replace That Prize Wheel With Your iPad Using iPrizewheel HD http://bit.ly/l0luax #apple',76772688869343232,'Ahmed Abdul Ghani','http://a2.twimg.com/profile_images/1320499465/longfb_normal.jpg',0),(611,NULL,'2011-06-03 22:10:10','jffa_jobs','Data Entry Operator $11-$12/hr FT http://jobsffa.com/jobs/12918 Honolulu, HI #HI #jobs #hiring',76772691788562433,'JobsFreeForAll Jobs','http://a3.twimg.com/profile_images/1128590743/JFFA_avatar_normal.jpg',0),(612,NULL,'2011-06-03 22:10:11','EmobilityJobs','#emobility #jobs #green Ihre Chance für den Einstieg in die Green Energy! Leiter Projektmanagement (… http://bit.ly/ll6OVo',76772693751504896,'Emobility Jobs','http://a0.twimg.com/profile_images/1239340201/WIE_1_normal.jpg',0),(613,NULL,'2011-06-03 22:10:11','jobsinjobsbyref','#jobs Suject Matter Expert--Middleware MQ/Message Qeue\n\r17-May-2011\n\rhttp://jobsbyref.com/j/267843',76772695412449280,'JobsInJobsByRef','http://a2.twimg.com/profile_images/563061198/logo-small-80x80-b-text_normal.png',0),(614,NULL,'2011-06-03 22:10:11','DroidGamers','Gameloft announces another game for #android called Silent Ops through the use of a theatrical trailer. http://bit.ly/j6nAyC #gaming',76772696242929664,'DroidGamers','http://a1.twimg.com/profile_images/1043112417/twitav3_normal.png',0),(615,NULL,'2011-06-03 22:10:12','iPNewz','Icebreaker Hockey™ for #iPhone & #iPad: http://bit.ly/msFW8i',76772698474283008,'iPod | iPhone | iPad','http://a1.twimg.com/profile_images/1365641034/apple_normal.png',0),(616,NULL,'2011-06-03 22:10:13','AppTicker','#iPhone #iPad #AppStore Preissenkung The Secret of Monkey Island ™: Special Edition 6.99 € statt 7.99 € http://www.appticker.de/app/383162',76772703654248449,'AppTicker','http://a1.twimg.com/profile_images/1189026404/icon_appticker_normal.png',0),(617,NULL,'2011-06-03 22:10:14','EmobilityJobs','#emobility #jobs #green Emobility - Entwicklungsingenieur/-in Elektrische Antriebssysteme… http://bit.ly/knJQiu',76772705633968128,'Emobility Jobs','http://a0.twimg.com/profile_images/1239340201/WIE_1_normal.jpg',0),(618,NULL,'2011-06-03 22:10:14','jobsinjobsbyref','#jobs C/C++, MATLAB  - Engineer/ Sr.Engineer (Avinocs Product Development)  - 4 Opening(s)\n\r17-May-2011\n\rhttp://jobsbyref.com/j/267844',76772708863578112,'JobsInJobsByRef','http://a2.twimg.com/profile_images/563061198/logo-small-80x80-b-text_normal.png',0),(619,NULL,'2011-06-03 22:10:15','jobangebote','Ausbildung zur Fachkraft für Lagerlogistik (m/w) #jobs Relius Coatings GmbH & Co. KG Karlsruhe - http://4fb.in/v9kb',76772709715025921,'Jobangebote','http://a3.twimg.com/profile_images/237741459/jobtweet-bild_normal.jpg',0),(620,NULL,'2011-06-03 22:10:14','AppTicker_COM','#iPhone #iPad #AppStore Pricedrop The Secret of Monkey Island ™: Special Edition from $9.99 to $8.99  http://www.appticker.com/app/383162',76772708234432512,'AppTicker_COM','http://a3.twimg.com/profile_images/1207857407/icon_appticker_normal.png',0),(621,NULL,'2011-06-03 22:10:15','AppTicker','#iPhone #iPad #AppStore Preissenkung Azada 0.79 € statt 1.59 € http://www.appticker.de/app/123733',76772712428740608,'AppTicker','http://a1.twimg.com/profile_images/1189026404/icon_appticker_normal.png',0),(622,NULL,'2011-06-03 22:10:16','Horacio_IT','Link » Estatísticas da #Nielsen: #Android parou de crescer? » #mobilidade #smartphone » http://bit.ly/klnWTw',76772716958597120,'Horacio F. Moreira','http://a2.twimg.com/profile_images/1272755484/Hora_SM_3_normal.JPG',0),(623,NULL,'2011-06-03 22:10:16','fleetwoodnat','Coding Specialist HealthCare Partners http://url.ie/bcuv #jobs #Freelance #job',76772715331207168,'NNNN','http://a3.twimg.com/profile_images/1355090054/45798_149892911707439_100000601922624_348823_6971603_n-11_normal.jpg',0),(624,NULL,'2011-06-03 22:10:17','WorkInGreen_Job','#erneuerbare #energie #jobs #solar DCS Ingenieur für solarthermische Kraftwerke (m/w)… http://bit.ly/kxAv0R',76772719353528320,'Work in Green','http://a3.twimg.com/profile_images/1160164838/WigLogoBildQuadratIII_normal.jpg',0),(625,NULL,'2011-06-03 22:10:18','jobsinjobsbyref','#jobs Relationship Manager - NRI  Acquisition  - 10 Opening(s)\n\r17-May-2011\n\rhttp://jobsbyref.com/j/267845',76772722570563585,'JobsInJobsByRef','http://a2.twimg.com/profile_images/563061198/logo-small-80x80-b-text_normal.png',0),(626,NULL,'2011-06-03 22:10:18','jffa_HI','RT @jffa_jobs: Data Entry Operator $11-$12/hr FT http://jobsffa.com/jobs/12918 Honolulu, HI #HI #jobs #hiring',76772726194446336,'Hawaii Jobs FREE4All','http://a2.twimg.com/profile_images/307570372/JFFA_avatar_normal.jpg',0),(627,NULL,'2011-06-03 22:10:19','WorkInGreen_Job','#erneuerbare #energie #jobs #wind Zertifizierungsingenieur (m/w) - Offshore Windenergie - Offshore W… http://bit.ly/jMdQ61',76772730137096192,'Work in Green','http://a3.twimg.com/profile_images/1160164838/WigLogoBildQuadratIII_normal.jpg',0),(628,NULL,'2011-06-03 22:10:19','FO_TR3','Hmmm I think I\'m bout2 b dun wit #android fones n join #TeamBlackberry...',76772730573295616,'FO_TR3','http://a3.twimg.com/profile_images/1372729479/avatar_normal.JPEG',0),(629,NULL,'2011-06-03 22:10:21','khodyg','Working on a super thin Samsung Series 9 with #Windows 7. This thing is awesome http://bit.ly/kFDPQG',76772734834704384,'Khody','http://a0.twimg.com/profile_images/1098027422/small_normal.jpg',0),(630,NULL,'2011-06-03 22:10:21','was_adm_jobs','Office Manager-30 hours a week!, TRAK Legal Services #Jobs #Administrative/C #Washington http://mnstr.bz/jts3Oh',76772736311103488,'WasClericalJobs','http://a3.twimg.com/profile_images/1238590291/monster_tweets_avitar_reasonably_small_normal.png',0),(631,NULL,'2011-06-03 22:10:21','jobsinjobsbyref','#jobs Opening for Customer Service Associate (Non- Voice Process) - Bengaluru/Bangalore - Reputed Client o\n\rhttp://jobsbyref.com/j/267846',76772736080412672,'JobsInJobsByRef','http://a2.twimg.com/profile_images/563061198/logo-small-80x80-b-text_normal.png',0),(632,NULL,'2011-06-03 22:10:20','BellevueITJobs','Business Systems Analyst- Telecomm Experience, Harvey Nash #Jobs #IT/Software Deve #Bellevue http://mnstr.bz/jOuWfF',76772733643530240,'Bellevue IT','http://a0.twimg.com/profile_images/301720649/monster_tweets_avitar_normal.png',0),(633,NULL,'2011-06-03 22:10:21','cgx_hea_jobs','RNs LPNs, CONFIDENTIAL #Jobs #Medical/Health #Skokie http://mnstr.bz/l9FRbh',76772738295013376,'ChicagoHealthJobs','http://a3.twimg.com/profile_images/1237544698/monster_tweets_avitar_reasonably_small_normal.png',0),(634,NULL,'2011-06-03 22:10:21','GetLPNJobs','LPN - Pediatrics Riverbend Pavilion - #Eugene , OR (http://tinyurl.com/4348cwf) Get LPN Jobs #LPN #jobs #job #GetAllJobs',76772738152402944,'Get LPN Jobs','http://a2.twimg.com/profile_images/65690262/G_normal.png',0),(635,NULL,'2011-06-03 22:10:21','SheilaJerusa_','RT @gi_teoeedu: Ai num bate no #Iphone KKKKKKKKKKKKKKK @thiagoguenther @eduteoeedu @NetoSchaefer',76772735610667009,'Sheila Jerusa','http://a0.twimg.com/profile_images/1264904834/DSC01002_normal.jpg',0),(636,NULL,'2011-06-03 22:10:22','sjc_sal_jobs','Outside Sales Representative - B2B, Register Tapes Unlim #Jobs #Sales/Retail/Bus #San Jose http://mnstr.bz/l8GJwi',76772739742052353,'SanjoseSalesJobs','http://a3.twimg.com/profile_images/1238554407/monster_tweets_avitar_reasonably_small_normal.png',0),(637,NULL,'2011-06-03 22:10:22','csanama','#Blackberry maker, #RIM, loses more U.S. market share to #Apple\'s #iPhone and #Google\'s Android http://t.co/RNtBNPY',76772740526379008,'CFS','http://a3.twimg.com/profile_images/1370195488/IMG00288-20110526-1904_normal.jpg',0),(638,NULL,'2011-06-03 22:10:22','ljn_mke_office','Administrative Coordinator (11009) - Executive Director, Inc. #Milwaukee, WI http://MilwaukeeJobs.com/j/2359639 #jobs #ljn #job',76772741172301824,'MKE Office Jobs','http://a1.twimg.com/profile_images/1157541963/Briefcase_80x80__normal.png',0),(639,NULL,'2011-06-03 22:10:22','WorkInGreen_Job','#erneuerbare #energie #jobs #gts Research Analyst/Recruiter (m/w) - Green Technology - Mannheim… http://bit.ly/kCZsvP',76772739746250752,'Work in Green','http://a3.twimg.com/profile_images/1160164838/WigLogoBildQuadratIII_normal.jpg',0),(640,NULL,'2011-06-03 22:10:23','eBC_Jobs_NE','Baltimore: Wound Care Nurse -  (Gaithersburg) http://bit.ly/mopnIX #eBC #Jobs',76772744934588416,'eBC Jobs Northeast','http://a3.twimg.com/profile_images/786613095/eBayClassifiedsWeb_73x73_normal.png',0),(641,NULL,'2011-06-03 22:10:23','dal_cus_jobs','Special Assets (FC/BK) Director, Nextep #Jobs #Customer Support #Fort Worth http://mnstr.bz/mlE4z2',76772746922704896,'DallasCustservJobs','http://a3.twimg.com/profile_images/1237662210/monster_tweets_avitar_reasonably_small_normal.png',0),(642,NULL,'2011-06-03 22:10:23','tzoodoo','#jobs Webapp http://get.hired.ch (! caution => alpha software). Jobs zum publizieren?',76772747048521728,'tzoodoo','http://a2.twimg.com/profile_images/674885882/image_normal.jpg',0),(643,NULL,'2011-06-03 22:10:24','AppTicker_COM','#iPhone #iPad #AppStore Pricedrop Azada from $1.99 to $0.99  http://www.appticker.com/app/123733',76772748327788544,'AppTicker_COM','http://a3.twimg.com/profile_images/1207857407/icon_appticker_normal.png',0),(644,NULL,'2011-06-03 22:10:24','jobsinjobsbyref','#jobs Developer\n\r17-May-2011\n\rhttp://jobsbyref.com/j/267847',76772750198444032,'JobsInJobsByRef','http://a2.twimg.com/profile_images/563061198/logo-small-80x80-b-text_normal.png',0),(645,NULL,'2011-06-03 22:10:24','msp_man_jobs','CNC Mill Machinist, Aerotek #Jobs #Manufacturing/Pr #Big Lake http://mnstr.bz/l6liQP',76772749762248704,'MspMfgJobs','http://a3.twimg.com/profile_images/1237802639/monster_tweets_avitar_reasonably_small_normal.png',0),(646,NULL,'2011-06-03 22:10:24','WorkInGreen_Job','#erneuerbare #energie #jobs #green Ingenieur Inspection & Expediting (m/w)… http://bit.ly/iwLiOI',76772750718550016,'Work in Green','http://a3.twimg.com/profile_images/1160164838/WigLogoBildQuadratIII_normal.jpg',0),(647,NULL,'2011-06-03 22:10:25','aus_mis_jobs','C# .Net Software Developer, Adecco Engineering & #Jobs #IT/Software Deve #Austin http://mnstr.bz/mudBkj',76772755458105345,'AustinTechJobs','http://a3.twimg.com/profile_images/1234905605/monster_tweets_avitar_reasonably_small_normal.png',0),(648,NULL,'2011-06-03 22:10:26','msp_man_jobs','Machinist, Aerotek #Jobs #Manufacturing/Pr #Plymouth http://mnstr.bz/myZvsk',76772756783505408,'MspMfgJobs','http://a3.twimg.com/profile_images/1237802639/monster_tweets_avitar_reasonably_small_normal.png',0),(649,NULL,'2011-06-03 22:10:25','ljn_mke_BusFin','Administrative Coordinator (11009) - Executive Director, Inc. #Milwaukee, WI http://MilwaukeeJobs.com/j/2359639 #jobs #ljn #job',76772752761159681,'MKE Business Jobs ','http://a3.twimg.com/profile_images/1157566668/Briefcase_80x80__normal.png',0),(650,NULL,'2011-06-03 22:10:27','phl_mar_jobs','Outreach Events Coordinator, Coventry Health Care #Jobs #Marketing/Produc #King of Prussia http://mnstr.bz/kZsAmK',76772762403868672,'PhlMarketingJobs','http://a3.twimg.com/profile_images/1237820021/monster_tweets_avitar_reasonably_small_normal.png',0),(651,NULL,'2011-06-03 22:10:27','WorkInSolarJobs','#solar #energie #jobs #solar Entwickler Messtechnik (m/w) - Photovoltaik / Solar… http://bit.ly/m76YRQ',76772762177380352,'work in Solar - Jobs','http://a2.twimg.com/profile_images/1239325812/WIS_1_normal.jpg',0),(652,NULL,'2011-06-03 22:10:26','hou_adm_jobs','Bilingual Administrative Assistant, A1 Personnel #Jobs #Administrative/C #Houston http://mnstr.bz/jQW4f7',76772759509803008,'HoustonClericalJobs','http://a3.twimg.com/profile_images/1237728836/monster_tweets_avitar_reasonably_small_normal.png',0),(653,NULL,'2011-06-03 22:10:27','jobsinjobsbyref','#jobs Patient Welfare Officer-Walkins Interview till 20th Apr-11  - 3 Opening(s)\n\r17-May-2011\n\rhttp://jobsbyref.com/j/267848',76772764048031745,'JobsInJobsByRef','http://a2.twimg.com/profile_images/563061198/logo-small-80x80-b-text_normal.png',0),(654,NULL,'2011-06-03 22:10:28','sjc_mar_jobs','Market Analyst, Bloom Energy Corpora #Jobs #Marketing/Produc #Sunnyvale http://mnstr.bz/j1J4q4',76772766405246976,'SanjoseMarketingJobs','http://a3.twimg.com/profile_images/1237876644/monster_tweets_avitar_reasonably_small_normal.png',0),(655,NULL,'2011-06-03 22:10:29','wayneborean','@noyesk Five Things Every Windows User Should Know - Friends don\'t let Friends use #Windows?',76772770213658624,'Wayne Borean','http://a0.twimg.com/profile_images/1238429941/twitimage2_normal.jpg',0),(656,NULL,'2011-06-03 22:10:30','AndroidBread','#Android Gameloft Posts Trailer for Upcoming 9mm Game for Android [NSFW] http://9.bb/CAYh #followback',76772772679925761,'AndroidBread','http://a2.twimg.com/profile_images/1317016778/androidbread_normal.png',0),(657,NULL,'2011-06-03 22:10:30','R_Otero','Hola, si habrá actualización a #Android 2.3 (Gingerbread) en LG Optimus One? @LGMexico',76772773678153728,'Please, read my bio!','http://a1.twimg.com/profile_images/1380529787/susan_coffey_sexy0058_normal.jpg',0),(658,NULL,'2011-06-03 22:10:31','jobsinjobsbyref','#jobs Require Recruitment Professionals for Pinaki Consulting!\n\r17-May-2011\n\rhttp://jobsbyref.com/j/267849',76772777490792448,'JobsInJobsByRef','http://a2.twimg.com/profile_images/563061198/logo-small-80x80-b-text_normal.png',0),(659,NULL,'2011-06-03 22:10:33','GTATopEmployers','Project Leader: Rogers Communications Inc. (Toronto ON): \"...ader position will be based in downt.. #jobs #Toronto #job http://bit.ly/kH9ABL',76772786567254017,'GTA Top Employers','http://a0.twimg.com/profile_images/1249123878/toronto2011_normal.jpg',0),(660,NULL,'2011-06-03 22:10:33','solofo','Built-in #twitter IOS5 features seem to be gorgeous, some say game-changers #Apple #IOS http://read.bi/iV6ZlJ',76772787448061952,'Solofo Rafeno...','http://a1.twimg.com/profile_images/1158884203/Me_at_The_next_Web_-_Speaking_normal.JPG',0),(661,NULL,'2011-06-03 22:10:33','WorkInSolarJobs','#solar #energie #jobs #solar Experte Einkauf (m/w) - Photovoltaik / Solar… http://bit.ly/mc8udY',76772789041897472,'work in Solar - Jobs','http://a2.twimg.com/profile_images/1239325812/WIS_1_normal.jpg',0),(662,NULL,'2011-06-03 22:10:34','jobsinjobsbyref','#jobs Sr Technical Associate with 4+ years experience  - 5 Opening(s)\n\r17-May-2011\n\rhttp://jobsbyref.com/j/267850',76772790954508288,'JobsInJobsByRef','http://a2.twimg.com/profile_images/563061198/logo-small-80x80-b-text_normal.png',0),(663,NULL,'2011-06-03 22:10:36','WorkInSolarJobs','#solar #energie #jobs #solar Senior Projektingenieur MES (m/w) - Manufacturing Execution System… http://bit.ly/iXlbJe',76772800932745216,'work in Solar - Jobs','http://a2.twimg.com/profile_images/1239325812/WIS_1_normal.jpg',0),(664,NULL,'2011-06-03 22:10:37','jobsinjobsbyref','#jobs Openings in Back office/ E- Commerce/ Data Analyst.  - 35 Opening(s)\n\r17-May-2011\n\rhttp://jobsbyref.com/j/267851',76772805789761536,'JobsInJobsByRef','http://a2.twimg.com/profile_images/563061198/logo-small-80x80-b-text_normal.png',0),(665,NULL,'2011-06-03 22:10:39','GetNurEducaJobs','Nurse Practitioner - Heal NY... - #NewYork , NY (http://tinyurl.com/3o5fb6e) Get Nurse Educator Jobs #NurseEducator #jobs #job #GetAllJobs',76772810697084928,'Nurse Educator Jobs','http://a2.twimg.com/profile_images/65696641/G_normal.png',0),(666,NULL,'2011-06-03 22:10:39','tmj_BC_it','NEW! Accenture: Federal - Sr. Network Security Administrator (British Columbia) http://bit.ly/mzF4Ee #IT #Jobs #Job #TweetMyJOBS',76772811921821698,'TMJ-BC IT Jobs','http://a3.twimg.com/profile_images/1310966311/TMJ_logo_square2_sm_normal.jpg',0),(667,NULL,'2011-06-03 22:10:39','WorkInWindJobs','#wind #jobs #wind Junior Projektmanager (m/w)… http://bit.ly/kfkxcp',76772811980541952,'Work in Wind - Jobs','http://a2.twimg.com/profile_images/1239317395/WIW_1_normal.jpg',0),(668,NULL,'2011-06-03 22:10:39','KhasMek','RT @bluescreenkid: i have written a script to install #Google #MusicManager for #Ubuntu. http://goo.gl/5W7eX. please RT as I am not that ...',76772813117206528,'Kyp Duron','http://a1.twimg.com/profile_images/1088084113/KhasMek_web_normal.gif',0),(669,NULL,'2011-06-03 22:10:39','tmj_VAF_health','Infrastructure Origination Sales Director - East Coast + - Accenture:  ( #Reston , VA) http://bit.ly/iyrlpL #Healthcare #Jobs #Job',76772813251416064,'TMJ-VAF Health Jobs','http://a3.twimg.com/profile_images/1310967760/TMJ_logo_square2_sm_normal.jpg',0),(670,NULL,'2011-06-03 22:10:41','jobsinjobsbyref','#jobs Director - Product Marketing(OEMs)\n\r17-May-2011\n\rhttp://jobsbyref.com/j/267852',76772819538677760,'JobsInJobsByRef','http://a2.twimg.com/profile_images/563061198/logo-small-80x80-b-text_normal.png',0),(671,NULL,'2011-06-03 22:10:42','danlarock','#FF #Android #smartphones @TCPJ_Mickey @TCPJ_Joey @AndroidAnarchy @engadgetmobile @peteralfonso @ezgandroid @nexusrumors @CellZealot',76772826572529664,'Dan LaRock','http://a0.twimg.com/profile_images/1230529098/profile_normal.jpg',0),(672,NULL,'2011-06-03 22:10:43','WorkInWindJobs','#wind #jobs #wind Projektingenieur im Bereich Offshore Wind (w/m)… http://bit.ly/j2cm6f',76772828321562624,'Work in Wind - Jobs','http://a2.twimg.com/profile_images/1239317395/WIW_1_normal.jpg',0),(673,NULL,'2011-06-03 22:10:44','GetPackaginJobs','Packaging Engineer - #ElSegundo , CA (http://tinyurl.com/43w3gmu) Get Packaging Jobs #Packaging #jobs #job #GetAllJobs',76772834118074369,'Get Packaging Jobs','http://a2.twimg.com/profile_images/65701155/G_normal.png',0),(674,NULL,'2011-06-03 22:10:45','schestowitz','#DisplayLink Continues To Progress On Linux, But No #3D http://is.gd/MNfvta #linux #graphics',76772835925831681,'Schestowitz','http://a1.twimg.com/profile_images/1302257133/40262-198-20110406184844_normal.jpeg',0),(675,NULL,'2011-06-03 22:10:44','jobsinjobsbyref','#jobs Senior Maintenance Engineer - Ahmedabad\n\r17-May-2011\n\rhttp://jobsbyref.com/j/267853',76772833128218624,'JobsInJobsByRef','http://a2.twimg.com/profile_images/563061198/logo-small-80x80-b-text_normal.png',0),(676,NULL,'2011-06-03 22:10:46','WorkInWindJobs','#wind #jobs #wind Projekt Manager (m/w) - Windkraft - Offshore Wind… http://bit.ly/kCULBQ',76772841462304769,'Work in Wind - Jobs','http://a2.twimg.com/profile_images/1239317395/WIW_1_normal.jpg',0),(677,NULL,'2011-06-03 22:10:47','DriveKnight','Now Hiring:  Regional Truck Drivers (Long Beach,  CA)  http://t.linkup.com/d20e384 #trucking #jobs',76772844230553600,'Knight Trans','http://a2.twimg.com/profile_images/1370084921/twitter_normal.jpg',0),(678,NULL,'2011-06-03 22:10:47','jobsinjobsbyref','#jobs Lecturer- Real Estate Management\n\r17-May-2011\n\rhttp://jobsbyref.com/j/267854',76772846583554049,'JobsInJobsByRef','http://a2.twimg.com/profile_images/563061198/logo-small-80x80-b-text_normal.png',0),(679,NULL,'2011-06-03 22:10:47','Mans_Health','Washington, DC you have a 90% chance of being #employed using this method #jobs http://www.the-job-finder.info',76772848017997824,'Health Nut','http://a3.twimg.com/profile_images/1260124591/tread_normal.jpg',0),(680,NULL,'2011-06-03 22:10:49','WorkInWindJobs','#wind #jobs #wind Ingenieur Hochspannungsseekabel (m/w) als technischer Asset Manager bei internatio… http://bit.ly/laOCIB',76772854150074368,'Work in Wind - Jobs','http://a2.twimg.com/profile_images/1239317395/WIW_1_normal.jpg',0),(681,NULL,'2011-06-03 22:10:49','Coupon_Queenie','Wild Mountain, CO #Jobs Source The Job Finder Daily has jobs now! http://www.the-job-finder.info',76772853944549376,'Coupon Queen','http://a0.twimg.com/profile_images/1303126257/get_normal.gif',0),(682,NULL,'2011-06-03 22:10:50','GetPatAttorJobs','Sr. Counsel - Organic... - #Confidential , CA (http://tinyurl.com/3m2gej2) Get Patent Attorney Jobs #PatentAttorney #jobs #job #GetAllJobs',76772856968646656,'Patent Attorney Jobs','http://a2.twimg.com/profile_images/65701286/G_normal.png',0),(683,NULL,'2011-06-03 22:10:49','still_smoking','RT @HotAndroidApps: Hot #android #app: Battery Pro Xtra Improve your battery\'s performance by up to 80%! Battery Pro... http://bit.ly/jEHqYg',76772856322719744,'Sean ','http://a3.twimg.com/profile_images/1079608864/slayer_normal.jpg',0),(684,NULL,'2011-06-03 22:10:50','jobsinjobsbyref','#jobs EAI Architect / Integration Architect  - 1 Opening(s)\n\r17-May-2011\n\rhttp://jobsbyref.com/j/267855',76772860072443905,'JobsInJobsByRef','http://a2.twimg.com/profile_images/563061198/logo-small-80x80-b-text_normal.png',0),(685,NULL,'2011-06-03 22:10:51','ZipRecruiter','Confidential is hiring Urgent Need-Internal Medicine Physician/Family Practice http://ziprecruiter.com/tj/bc8e4a5f #jobs',76772861695623168,'ZipRecruiter','http://a0.twimg.com/profile_images/846619413/chair-icon_normal.png',0),(686,NULL,'2011-06-03 22:10:51','tmj_cal_mgmt','Accenture: Supply Chain - Fulfillment Process and System Manager ( #Calgary , Alberta) http://bit.ly/jIJBFi #BusinessMgmt #Jobs #Job',76772864170270720,'TMJ-CAL Mgmt. Jobs','http://a3.twimg.com/profile_images/1310979576/TMJ_logo_square2_sm_normal.jpg',0),(687,NULL,'2011-06-03 22:10:52','nikiabravisima4','RT @SallieSmi45: HOW TO NEGOTIATE THE SALARY http://t.co/vHyTXc4?=mti0 #iphone',76772865822826496,'nikia bravisima','http://a3.twimg.com/profile_images/1220966775/img_372_normal.jpg',0),(688,NULL,'2011-06-03 22:10:54','jobsinjobsbyref','#jobs Junior Trainee Engineer - Ahmedabad\n\r17-May-2011\n\rhttp://jobsbyref.com/j/267856',76772873481633792,'JobsInJobsByRef','http://a2.twimg.com/profile_images/563061198/logo-small-80x80-b-text_normal.png',0),(689,NULL,'2011-06-03 22:10:54','tmj_BC_it','NEW! IT - Application Architecture and Integration - ... - Accenture:  ( #Vancouver , British Columbia) http://bit.ly/lL4Hba #IT #Jobs #Job',76772875553611776,'TMJ-BC IT Jobs','http://a3.twimg.com/profile_images/1310966311/TMJ_logo_square2_sm_normal.jpg',0),(690,NULL,'2011-06-03 22:10:53','VivVivacious','@blackmuffed #Apple rocks :)',76772870696611840,'Viv Ahern','http://a2.twimg.com/profile_images/1376660658/image_normal.jpg',0),(691,NULL,'2011-06-03 22:10:55','tmj_ksk_schn','Accenture: Life Sciences - Managed Mkts- Manager ( #OverlandPark , KS) http://bit.ly/l2DX2L #SupplyChain #Jobs #Job #TweetMyJOBS',76772878137303041,'KansasCity S-Chain','http://a2.twimg.com/profile_images/1295583233/TMJ_logo_square2_sm_normal.jpg',0),(692,NULL,'2011-06-03 22:10:56','tmj_PHX_schn','Life Sciences - Managed Mkts- Manager - Accenture:  ( #Phoenix , AZ) http://bit.ly/ioYnKw #SupplyChain #Jobs #Job #TweetMyJOBS',76772884139343872,'Phoenix S-Chain','http://a0.twimg.com/profile_images/1310966075/TMJ_logo_square2_sm_normal.jpg',0),(693,NULL,'2011-06-03 22:10:57','jobsinjobsbyref','#jobs Business Development Manager - Ludhiana - Client of Olympus. - 3-to-6 years of experience\n\r17-May-2011\n\rhttp://jobsbyref.com/j/267857',76772886899200000,'JobsInJobsByRef','http://a2.twimg.com/profile_images/563061198/logo-small-80x80-b-text_normal.png',0),(694,NULL,'2011-06-03 22:10:59','Thijsje013','@Ellissweet OMG een jongen verkoopt zijn #nier voor een #Ipad en #iphone, hoe levenloos ben je dan? Hij heeft hem nog verkocht ook..Wtf--idd',76772895816294400,'Thijs van den oord','http://a2.twimg.com/profile_images/1355017452/image_normal.jpg',0),(695,NULL,'2011-06-03 22:11:00','tmj_njn_realest','NEW! Head Teller/Customer Svc Rep - MetLife:  ( #Bridgewater , NJ) http://bit.ly/jabZYm #RealEstate #Jobs #Job #TweetMyJOBS',76772899775717376,'TMJ-NJN R-Est Jobs','http://a3.twimg.com/profile_images/1310968976/TMJ_logo_square2_sm_normal.jpg',0),(696,NULL,'2011-06-03 22:11:00','tmj_cal_mgmt','IT Offshore - Premier / Test Architect - Accenture:  ( #Calgary , Alberta) http://bit.ly/juHZMA #BusinessMgmt #Jobs #Job #TweetMyJOBS',76772900279025664,'TMJ-CAL Mgmt. Jobs','http://a3.twimg.com/profile_images/1310979576/TMJ_logo_square2_sm_normal.jpg',0),(697,NULL,'2011-06-03 22:11:00','Surgery_Jobs','Surgery Jobs: Resp Therapy Asst. II Job: General Other Positions at Mayo Clinic in MN http://bit.ly/jTKN7F #hospital, #jobs',76772900471980032,'Surgery Jobs','http://a1.twimg.com/profile_images/601246227/jobs2_normal.jpg',0),(698,NULL,'2011-06-03 22:11:00','Surgery_Jobs','Surgery Jobs: Pharma Field Sales - Diabetes Care Specialist (DCS) - Temple, TX Job: Professiona... http://bit.ly/lx4Bdc #hospital, #jobs',76772901973528576,'Surgery Jobs','http://a1.twimg.com/profile_images/601246227/jobs2_normal.jpg',0),(699,NULL,'2011-06-03 22:11:00','jobsinjobsbyref','#jobs WFM Analyst-System Analyst-Reference code: 20941\n\r17-May-2011\n\rhttp://jobsbyref.com/j/267858',76772900358721538,'JobsInJobsByRef','http://a2.twimg.com/profile_images/563061198/logo-small-80x80-b-text_normal.png',0),(700,NULL,'2011-06-03 22:11:01','Surgery_Jobs','Surgery Jobs: Registered Dietitian Job: Allied Health Dietitian   at HCR ManorCare in PA http://bit.ly/jOypjk #hospital, #jobs',76772902917242880,'Surgery Jobs','http://a1.twimg.com/profile_images/601246227/jobs2_normal.jpg',0),(701,NULL,'2011-06-03 22:11:01','Surgery_Jobs','Surgery Jobs: Cardiothoracic Surgeon Needed in Ohio: Physician Cardio Thoracic Surgery at Locum... http://bit.ly/lHMHSm #hospital, #jobs',76772903982612480,'Surgery Jobs','http://a1.twimg.com/profile_images/601246227/jobs2_normal.jpg',0),(702,NULL,'2011-06-03 22:11:04','Toronto_Finance','Financial Accountant: Location: Toronto, Ontario, CANADA\n                                    Job Category:... http://bit.ly/iUDnvS #jobs',76772915185594369,'Toronto Finance','http://a3.twimg.com/profile_images/899787414/TwitterIcon_normal.gif',0),(703,NULL,'2011-06-03 22:11:03','hdrom','RT @developerworks: Must-have tools for #HTML - #JavaScript - #AJAX coding & debugging > http://su.pr/22dz4s #webdev #webapp #webdesi ...',76772914753581056,'HERNAN R','http://a2.twimg.com/profile_images/1367040011/avatar_tw2_normal.jpg',0),(704,NULL,'2011-06-03 22:11:03','jobsinjobsbyref','#jobs Customer Support Service  - voice\n\r17-May-2011\n\rhttp://jobsbyref.com/j/267859',76772914418024448,'JobsInJobsByRef','http://a2.twimg.com/profile_images/563061198/logo-small-80x80-b-text_normal.png',0),(705,NULL,'2011-06-03 22:11:05','internshipjob','SDB: Business Intern ( #SanDiego , CA) http://bit.ly/inWXrI  #Intern #Jobs #Job #TweetMyJOBS',76772923175743488,'internships','http://a2.twimg.com/profile_images/1113896063/internships_square_normal.jpg',0),(706,NULL,'2011-06-03 22:11:05','ElectronicsJobs','Electronic Components Supervisor - £20000 - £21000 per annum - Yor... #jobs  http://jobsurl.com/ruaF',76772920260694017,'Electronics Jobs','http://a1.twimg.com/profile_images/79287976/274527_40654894_normal.jpg',0),(707,NULL,'2011-06-03 22:11:06','internshipjob','Risk Transfer: The RTH eBusiness Marketing Intern Program  ( #Orlando , FL) http://bit.ly/isZLrY  #Intern #Jobs #Job #TweetMyJOBS',76772924723441664,'internships','http://a2.twimg.com/profile_images/1113896063/internships_square_normal.jpg',0),(708,NULL,'2011-06-03 22:11:06','internshipjob','Artists Rights Movement: Activist ( #Indianapolis , IN) http://bit.ly/lIvDPw  #Intern #Jobs #Job #TweetMyJOBS',76772925683937280,'internships','http://a2.twimg.com/profile_images/1113896063/internships_square_normal.jpg',0),(709,NULL,'2011-06-03 22:11:06','job_list','RT @JobsUnleashed: Find Customer Service jobs in Connecticut.  http://tiny.ly/dtcR  #Jobs',76772927391023104,'Job Listings','http://a2.twimg.com/profile_images/391029299/job_listings_normal.jpg',0),(710,NULL,'2011-06-03 22:11:07','ajmulford','#jobs Spécialiste en marketing par moteurs de recherche (SEO) http://ping.fm/TPiRX',76772928586395648,'Alex J Mulford','http://a1.twimg.com/profile_images/1268808277/officeMe_normal.jpg',0),(711,NULL,'2011-06-03 22:11:07','attJOBS','#jobs AT&T Part Time Retail Sales Consultant West Melbourne FL - (WEST MELBOURNE, FL) http://attlinks.com/kgxwiS',76772930046005248,'attjobs','http://a3.twimg.com/profile_images/1130003795/Globe_Logo_bigger_normal.jpg',0),(712,NULL,'2011-06-03 22:11:07','tmj_CA_psych','NEW! Psychiatry - VISTA Staffing Solutions:  (CA) http://bit.ly/iLJLqv #psychiatry #Jobs #Job #TweetMyJOBS',76772929316204545,'California Psych','http://a3.twimg.com/profile_images/1295582191/TMJ_logo_square2_sm_normal.jpg',0),(713,NULL,'2011-06-03 22:11:09','prodigicorp','#Syria bans #Google services http://fb.me/OaimhQyj',76772936668811264,'proDIGI corp','http://a0.twimg.com/profile_images/1251434574/Logo_normal.png',0),(714,NULL,'2011-06-03 22:11:09','cpscrew','cell phone:http://www.cpscrew.com/06/16/decalskin-apple-iphone-4-skin-cover-zebra-print-reviews.html DecalSkin Appl #Apple #Cover #DecalSkin',76772936966606849,'Cell Phone Screw','http://a1.twimg.com/profile_images/1317005780/chart_normal.png',0),(715,NULL,'2011-06-03 22:11:10','BBYMTalentScout','Janesville-BBY Mobile Store Manager - Janesville Mall, Janesville WI Job-WI-53545 (Janesville, WI, US) http://bit.ly/ipLZk4 #jobs',76772942234652672,'BBYM Talent Scout','http://a0.twimg.com/profile_images/1114680117/BBYM-New-Logo-Small_normal.jpg',0),(716,NULL,'2011-06-03 22:11:10','AutomotiveJob','Automotive MOT Tester / Technician - Negotiable - Beverley - #jobs  http://jobsurl.com/ruaT',76772942914138112,'Automotive Jobs ','http://a1.twimg.com/profile_images/79220932/539346_old_french_car_normal.jpg',0);
/*!40000 ALTER TABLE `tweets` ENABLE KEYS */;
UNLOCK TABLES;

--
-- Table structure for table `tweets_keywords`
--

DROP TABLE IF EXISTS `tweets_keywords`;
/*!40101 SET @saved_cs_client     = @@character_set_client */;
/*!40101 SET character_set_client = utf8 */;
CREATE TABLE `tweets_keywords` (
  `tweets_id` bigint(20) NOT NULL,
  `keywords_id` bigint(20) NOT NULL,
  PRIMARY KEY (`tweets_id`,`keywords_id`),
  KEY `FK317F4F277014236C` (`tweets_id`),
  KEY `FK317F4F2731FC399C` (`keywords_id`),
  CONSTRAINT `FK317F4F2731FC399C` FOREIGN KEY (`keywords_id`) REFERENCES `keywords` (`id`),
  CONSTRAINT `FK317F4F277014236C` FOREIGN KEY (`tweets_id`) REFERENCES `tweets` (`id`)
) ENGINE=InnoDB DEFAULT CHARSET=latin1;
/*!40101 SET character_set_client = @saved_cs_client */;

--
-- Dumping data for table `tweets_keywords`
--

LOCK TABLES `tweets_keywords` WRITE;
/*!40000 ALTER TABLE `tweets_keywords` DISABLE KEYS */;
INSERT INTO `tweets_keywords` VALUES (1,18),(2,3),(2,11),(3,14),(4,2),(5,17),(6,2),(7,2),(7,17),(8,2),(8,17),(9,2),(9,17),(10,2),(10,17),(11,14),(12,23),(13,14),(14,1),(15,1),(16,12),(17,14),(18,3),(19,12),(20,1),(21,12),(22,12),(23,1),(24,17),(25,2),(26,1),(27,14),(28,1),(29,1),(30,14),(31,2),(32,12),(33,14),(34,18),(35,1),(36,12),(37,14),(38,2),(39,1),(40,14),(41,18),(42,2),(43,17),(44,1),(45,2),(46,2),(47,2),(48,14),(49,14),(50,2),(51,1),(52,14),(53,1),(54,2),(55,14),(56,14),(56,15),(57,14),(57,15),(58,1),(59,14),(60,14),(61,14),(61,15),(62,3),(63,14),(64,14),(65,14),(66,14),(66,15),(67,14),(68,31),(68,32),(68,34),(69,14),(69,15),(70,14),(71,14),(72,14),(72,15),(73,14),(73,15),(74,14),(75,14),(76,14),(77,14),(78,14),(79,14),(80,14),(81,14),(82,14),(83,1),(84,14),(85,14),(86,18),(87,14),(88,14),(89,19),(90,14),(91,14),(92,14),(93,14),(94,14),(95,14),(96,1),(97,1),(98,1),(99,14),(100,15),(101,14),(102,15),(103,14),(104,14),(105,14),(106,14),(107,14),(108,14),(109,14),(110,14),(111,14),(112,12),(113,2),(113,17),(114,14),(115,1),(116,14),(117,14),(118,14),(119,14),(120,1),(121,14),(122,14),(123,14),(124,14),(125,1),(126,14),(127,14),(128,1),(129,14),(130,14),(132,14),(133,2),(134,14),(135,14),(136,19),(137,14),(138,1),(139,14),(140,18),(141,2),(142,2),(143,17),(144,14),(145,14),(146,31),(146,32),(147,17),(148,1),(148,2),(148,17),(149,14),(150,1),(151,1),(152,1),(153,2),(154,14),(155,1),(156,14),(157,9),(158,1),(159,1),(160,1),(161,1),(162,1),(163,14),(164,14),(165,14),(166,4),(167,17),(169,1),(170,14),(171,14),(172,2),(173,14),(174,2),(175,1),(175,18),(176,14),(177,2),(178,2),(179,14),(180,14),(181,14),(182,14),(183,14),(184,14),(185,14),(186,14),(187,14),(188,14),(189,14),(190,12),(191,18),(192,17),(193,14),(194,14),(195,14),(195,15),(196,14),(197,14),(198,2),(199,14),(200,14),(201,14),(202,14),(203,1),(204,14),(205,12),(206,14),(207,14),(208,31),(208,32),(209,1),(210,1),(211,1),(212,14),(213,1),(214,14),(215,1),(216,14),(216,17),(217,14),(217,15),(218,14),(219,14),(219,15),(220,14),(221,1),(221,2),(222,14),(223,31),(223,32),(224,14),(225,14),(226,14),(227,2),(228,14),(229,12),(230,14),(231,14),(232,14),(233,14),(234,2),(234,17),(235,14),(236,14),(237,14),(238,14),(239,14),(240,14),(241,2),(242,2),(243,17),(244,14),(245,14),(246,9),(247,9),(248,9),(249,14),(250,9),(251,9),(252,14),(253,9),(254,14),(254,15),(255,14),(256,9),(257,18),(258,9),(259,9),(260,9),(261,17),(262,17),(263,15),(264,14),(265,15),(266,5),(266,6),(267,15),(268,14),(269,9),(270,15),(271,15),(272,15),(273,15),(274,2),(275,12),(276,15),(277,18),(278,15),(279,15),(280,14),(281,14),(282,14),(283,14),(284,14),(285,14),(286,14),(287,14),(288,14),(289,14),(290,24),(291,1),(292,18),(293,2),(294,2),(295,2),(296,2),(297,3),(298,2),(299,1),(300,17),(301,14),(302,2),(303,14),(304,14),(305,14),(306,14),(307,14),(308,14),(309,14),(310,17),(311,14),(312,14),(313,14),(314,14),(315,14),(316,14),(317,14),(318,14),(319,14),(320,14),(321,17),(322,17),(323,12),(325,17),(326,14),(327,14),(328,12),(329,17),(330,2),(331,18),(332,14),(333,1),(334,14),(335,14),(336,17),(337,14),(338,14),(349,14),(350,1),(351,2),(352,14),(353,2),(354,14),(355,14),(356,2),(357,2),(358,6),(359,2),(360,12),(361,12),(362,2),(363,12),(364,14),(365,12),(366,12),(367,12),(368,2),(369,14),(370,2),(370,17),(371,14),(371,15),(372,12),(373,14),(374,12),(374,18),(375,12),(376,14),(377,14),(377,15),(378,14),(379,14),(379,15),(380,14),(380,15),(381,14),(381,15),(382,14),(383,14),(383,15),(384,12),(384,18),(385,12),(386,14),(387,1),(388,2),(389,2),(390,2),(391,2),(392,2),(393,14),(394,14),(395,14),(396,1),(397,9),(398,14),(398,15),(399,2),(400,13),(401,2),(402,24),(403,14),(404,14),(405,14),(406,14),(407,14),(408,14),(409,14),(410,14),(411,14),(412,14),(413,14),(414,2),(415,14),(416,14),(417,18),(418,2),(419,1),(420,1),(421,14),(422,14),(423,17),(424,14),(425,13),(426,17),(427,1),(428,2),(429,2),(430,2),(431,14),(432,14),(433,14),(434,2),(435,18),(436,14),(437,14),(438,14),(439,14),(440,1),(441,14),(442,14),(443,2),(444,14),(445,14),(446,14),(447,14),(448,17),(449,23),(450,14),(451,14),(452,14),(453,14),(454,18),(455,2),(456,12),(457,13),(458,14),(459,13),(460,14),(461,13),(462,14),(463,14),(464,14),(465,1),(466,3),(466,14),(467,9),(467,14),(468,14),(469,14),(470,14),(471,14),(472,17),(473,14),(474,14),(475,17),(476,14),(477,14),(478,1),(479,14),(480,14),(481,2),(482,13),(483,14),(484,14),(485,24),(486,14),(487,14),(488,9),(489,14),(490,3),(491,14),(492,14),(493,14),(494,14),(495,14),(496,14),(497,18),(498,12),(499,12),(500,12),(501,1),(502,1),(503,2),(504,2),(505,2),(506,14),(507,14),(508,14),(509,17),(509,18),(510,2),(511,1),(512,14),(513,18),(514,14),(515,14),(516,14),(517,17),(518,14),(519,14),(520,14),(521,14),(522,14),(523,14),(524,14),(525,14),(526,2),(526,17),(527,1),(528,14),(529,14),(530,24),(531,2),(532,14),(533,2),(534,1),(535,14),(536,2),(537,15),(538,14),(539,14),(540,17),(541,1),(542,14),(543,14),(544,1),(545,1),(546,14),(547,14),(548,1),(549,1),(549,2),(550,14),(551,14),(552,14),(553,14),(554,14),(555,14),(556,17),(557,14),(558,17),(559,14),(560,1),(561,14),(562,1),(563,14),(564,14),(565,14),(566,14),(566,15),(567,19),(568,14),(569,2),(570,18),(571,14),(572,14),(573,14),(574,14),(575,14),(576,2),(577,18),(578,14),(578,15),(579,18),(580,14),(581,14),(582,2),(583,14),(583,15),(584,14),(584,15),(585,14),(586,14),(586,15),(587,14),(587,15),(588,2),(589,2),(590,14),(591,14),(592,2),(593,2),(594,14),(595,14),(596,14),(597,14),(598,14),(599,14),(600,14),(601,2),(602,9),(603,18),(604,14),(605,14),(606,18),(607,14),(608,14),(609,17),(610,17),(611,14),(611,15),(613,14),(614,1),(615,2),(616,2),(617,14),(618,14),(619,14),(620,2),(621,2),(622,1),(623,14),(624,14),(625,14),(626,14),(626,15),(627,14),(628,1),(629,13),(630,14),(631,14),(632,14),(633,14),(634,14),(635,2),(636,14),(637,2),(637,17),(637,18),(638,14),(639,14),(640,14),(641,14),(642,14),(643,2),(644,14),(645,14),(646,14),(647,14),(648,14),(649,14),(650,14),(651,14),(652,14),(653,14),(654,14),(655,13),(656,1),(657,1),(658,14),(659,14),(660,17),(661,14),(662,14),(663,14),(664,14),(665,14),(666,14),(667,14),(668,18),(669,14),(670,14),(671,1),(672,14),(673,14),(674,12),(675,14),(676,14),(677,14),(678,14),(679,14),(680,14),(681,14),(682,14),(683,1),(684,14),(685,14),(686,14),(687,2),(688,14),(689,14),(690,17),(691,14),(692,14),(693,14),(694,2),(695,14),(696,14),(697,14),(698,14),(699,14),(700,14),(701,14),(702,14),(703,3),(703,11),(704,14),(705,14),(706,14),(707,14),(708,14),(709,14),(710,14),(711,14),(712,14),(713,18),(714,17),(715,14),(716,14);
/*!40000 ALTER TABLE `tweets_keywords` ENABLE KEYS */;
UNLOCK TABLES;

--
-- Table structure for table `tweets_urls`
--

DROP TABLE IF EXISTS `tweets_urls`;
/*!40101 SET @saved_cs_client     = @@character_set_client */;
/*!40101 SET character_set_client = utf8 */;
CREATE TABLE `tweets_urls` (
  `tweets_id` bigint(20) NOT NULL,
  `tweetURLs_id` bigint(20) NOT NULL,
  PRIMARY KEY (`tweets_id`,`tweetURLs_id`),
  KEY `FK429CDEE17014236C` (`tweets_id`),
  KEY `FK429CDEE141F27280` (`tweetURLs_id`),
  CONSTRAINT `FK429CDEE141F27280` FOREIGN KEY (`tweetURLs_id`) REFERENCES `urls` (`id`),
  CONSTRAINT `FK429CDEE17014236C` FOREIGN KEY (`tweets_id`) REFERENCES `tweets` (`id`)
) ENGINE=InnoDB DEFAULT CHARSET=latin1;
/*!40101 SET character_set_client = @saved_cs_client */;

--
-- Dumping data for table `tweets_urls`
--

LOCK TABLES `tweets_urls` WRITE;
/*!40000 ALTER TABLE `tweets_urls` DISABLE KEYS */;
INSERT INTO `tweets_urls` VALUES (2,1),(3,2),(3,3),(5,4),(6,5),(7,6),(8,6),(9,6),(10,6),(11,7),(12,8),(13,9),(14,10),(15,11),(16,12),(17,13),(18,14),(19,15),(20,16),(21,17),(22,18),(23,19),(25,20),(27,21),(28,22),(29,23),(30,24),(31,20),(33,25),(34,26),(35,27),(36,28),(37,29),(39,30),(40,31),(41,32),(42,20),(43,33),(45,34),(46,35),(47,36),(48,37),(49,38),(50,39),(51,40),(52,41),(53,42),(55,43),(56,44),(57,45),(58,46),(59,47),(60,48),(61,49),(63,50),(64,51),(65,52),(66,53),(67,54),(68,55),(69,56),(70,57),(71,58),(72,59),(73,60),(74,61),(75,62),(76,63),(77,64),(78,65),(79,66),(80,67),(81,68),(82,69),(84,70),(85,71),(86,72),(87,73),(88,71),(89,74),(90,75),(91,76),(92,77),(93,78),(94,79),(95,80),(96,81),(97,82),(98,83),(100,84),(102,85),(103,86),(106,87),(107,88),(108,89),(110,90),(112,91),(113,92),(115,93),(120,94),(121,95),(122,96),(123,97),(125,98),(127,99),(128,100),(129,101),(130,102),(131,103),(132,104),(134,105),(135,106),(137,41),(138,107),(139,108),(140,32),(141,109),(142,110),(144,111),(145,112),(148,113),(149,114),(150,115),(151,116),(152,117),(154,118),(155,119),(156,120),(157,121),(158,122),(159,123),(160,124),(161,125),(162,126),(163,127),(164,128),(165,129),(166,130),(168,131),(169,132),(170,133),(171,134),(172,135),(173,136),(176,137),(177,138),(178,20),(179,139),(180,140),(181,141),(182,142),(183,143),(184,144),(185,145),(186,146),(187,147),(188,148),(189,148),(190,149),(191,150),(192,151),(194,152),(195,153),(196,154),(197,155),(198,20),(199,156),(200,157),(202,158),(204,159),(205,160),(206,161),(207,162),(209,163),(210,164),(211,165),(212,166),(213,167),(214,168),(215,169),(218,170),(220,171),(222,172),(224,173),(225,174),(226,175),(227,20),(228,176),(229,177),(230,96),(231,178),(232,179),(233,180),(235,181),(236,182),(237,95),(238,183),(239,184),(240,185),(243,186),(244,187),(245,188),(246,189),(247,189),(248,190),(249,191),(250,192),(251,192),(252,193),(253,194),(254,195),(255,196),(256,197),(258,197),(259,190),(260,194),(261,198),(262,199),(263,200),(264,201),(265,202),(266,203),(266,204),(267,205),(268,206),(269,207),(270,208),(271,209),(272,210),(273,211),(274,212),(275,213),(276,214),(277,215),(278,216),(279,217),(280,218),(281,219),(282,220),(283,221),(284,222),(285,223),(286,224),(287,225),(289,226),(291,227),(292,228),(293,229),(294,230),(295,231),(296,232),(297,233),(298,231),(299,234),(301,235),(302,236),(303,237),(304,238),(305,239),(306,240),(307,241),(308,242),(309,243),(310,244),(311,245),(312,246),(313,247),(314,248),(315,249),(316,250),(317,251),(318,252),(319,253),(320,254),(321,255),(322,256),(323,257),(325,258),(326,259),(327,260),(328,261),(329,262),(330,20),(331,263),(332,264),(333,265),(334,266),(335,267),(336,268),(337,269),(338,270),(349,280),(350,281),(352,282),(353,283),(354,284),(355,285),(357,286),(360,287),(361,288),(362,20),(363,289),(364,290),(365,291),(366,292),(367,293),(368,294),(369,41),(370,295),(371,296),(372,297),(373,298),(374,299),(375,300),(376,301),(377,302),(378,303),(379,304),(380,305),(381,306),(382,307),(383,308),(384,309),(385,310),(386,311),(387,312),(388,283),(389,313),(390,313),(391,313),(392,313),(393,314),(394,315),(395,174),(396,316),(397,317),(398,318),(399,20),(400,319),(403,320),(404,321),(405,322),(406,323),(407,324),(408,325),(409,326),(410,327),(411,328),(412,329),(413,330),(415,331),(416,332),(418,333),(419,334),(420,335),(421,336),(422,337),(423,338),(424,339),(425,340),(426,341),(427,342),(428,313),(429,313),(430,313),(431,343),(431,344),(432,174),(433,345),(434,313),(435,346),(436,347),(437,348),(438,349),(440,350),(441,351),(442,352),(444,353),(445,354),(446,355),(447,356),(449,8),(450,357),(451,358),(452,359),(453,360),(454,361),(455,362),(457,363),(458,364),(459,365),(460,366),(462,41),(463,367),(464,368),(465,369),(466,370),(467,371),(468,372),(469,373),(470,374),(471,375),(472,186),(473,376),(475,377),(476,378),(478,350),(479,174),(480,379),(481,380),(483,364),(484,381),(486,382),(487,383),(488,384),(489,385),(490,386),(491,387),(492,388),(493,389),(494,390),(495,391),(496,392),(498,393),(499,394),(500,395),(501,396),(503,397),(506,398),(507,146),(508,147),(509,399),(510,283),(512,400),(513,401),(514,402),(515,403),(516,404),(518,405),(519,406),(520,407),(521,408),(522,409),(523,410),(524,411),(525,412),(527,413),(528,414),(529,415),(531,416),(532,417),(534,418),(535,419),(536,20),(537,420),(539,421),(539,422),(541,423),(542,424),(543,425),(544,426),(545,427),(546,428),(547,429),(548,430),(549,431),(550,432),(551,433),(552,434),(553,435),(554,436),(555,437),(557,438),(559,439),(561,440),(562,441),(563,442),(564,443),(565,444),(566,445),(567,446),(569,20),(570,447),(571,448),(572,449),(573,450),(573,451),(574,450),(574,452),(575,453),(576,454),(577,455),(578,456),(579,457),(580,458),(581,459),(582,460),(583,461),(584,456),(585,462),(586,463),(587,464),(588,465),(589,466),(590,467),(591,468),(592,469),(594,470),(595,471),(596,367),(597,472),(598,473),(599,474),(600,475),(601,476),(602,477),(603,361),(604,374),(605,478),(606,479),(607,480),(608,481),(609,482),(610,482),(611,483),(612,484),(613,485),(614,486),(615,487),(616,488),(617,489),(618,490),(619,491),(620,492),(621,493),(622,494),(623,285),(624,495),(625,496),(626,483),(627,497),(629,498),(630,499),(631,500),(632,501),(633,502),(634,503),(636,504),(637,505),(638,506),(639,507),(640,508),(641,509),(642,510),(643,511),(644,512),(645,513),(646,514),(647,515),(648,516),(649,506),(650,517),(651,518),(652,519),(653,520),(654,521),(656,522),(658,523),(659,524),(660,525),(661,526),(662,527),(663,528),(664,529),(665,530),(666,531),(667,532),(668,533),(669,534),(670,535),(672,536),(673,537),(674,538),(675,539),(676,540),(677,541),(678,542),(679,311),(680,543),(681,311),(682,544),(683,545),(684,546),(685,547),(686,548),(687,416),(688,549),(689,550),(691,551),(692,552),(693,553),(695,554),(696,555),(697,556),(698,557),(699,558),(700,559),(701,560),(702,561),(703,1),(704,562),(705,563),(706,564),(707,565),(708,566),(709,41),(710,567),(711,568),(712,569),(713,570),(714,571),(715,572),(716,573);
/*!40000 ALTER TABLE `tweets_urls` ENABLE KEYS */;
UNLOCK TABLES;

--
-- Table structure for table `urls`
--

DROP TABLE IF EXISTS `urls`;
/*!40101 SET @saved_cs_client     = @@character_set_client */;
/*!40101 SET character_set_client = utf8 */;
CREATE TABLE `urls` (
  `id` bigint(20) NOT NULL AUTO_INCREMENT,
  `url` varchar(255) NOT NULL,
  `version` int(11) DEFAULT NULL,
  PRIMARY KEY (`id`),
  UNIQUE KEY `url` (`url`),
  KEY `urlIndex` (`url`)
) ENGINE=InnoDB AUTO_INCREMENT=574 DEFAULT CHARSET=latin1;
/*!40101 SET character_set_client = @saved_cs_client */;

--
-- Dumping data for table `urls`
--

LOCK TABLES `urls` WRITE;
/*!40000 ALTER TABLE `urls` DISABLE KEYS */;
INSERT INTO `urls` VALUES (1,'http://su.pr/22dz4s',0),(2,'http://bit.ly/kfk6UZ',0),(3,'http://dlvr.it/V0YR0',0),(4,'http://www.cnetfrance.fr/news/un-iphone-4s-pour-la-rentree-39761290.htm',0),(5,'http://tinyurl.com/4s22cj9',0),(6,'http://bit.ly/kSkOfT',0),(7,'http://tinyurl.com/3lks5t4',0),(8,'http://bit.ly/IBMBi',0),(9,'http://lnkd.in/g_Y9_V',0),(10,'http://bit.ly/kyVby8',0),(11,'http://bit.ly/mTV3St',0),(12,'http://dlvr.it/V0nC8',0),(13,'http://tinyurl.com/3gpqull',0),(14,'http://bit.ly/JoleenBlog',0),(15,'http://dlvr.it/V0n5v',0),(16,'http://bit.ly/lnVcNd',0),(17,'http://dlvr.it/V0nCw',0),(18,'http://dlvr.it/V0nCT',0),(19,'http://bit.ly/lEeGY8',0),(20,'http://bit.ly/originalgz',0),(21,'http://tinyurl.com/3r5tywd',0),(22,'http://bit.ly/miynOh',0),(23,'http://bit.ly/msrKCO',0),(24,'http://bit.ly/kVTmZ4',0),(25,'http://tinyurl.com/3uz9gr7',0),(26,'http://www.google.com/linux',0),(27,'http://smelliertech.blogspot.com/',0),(28,'http://goo.gl/2zebG',0),(29,'http://dlvr.it/V0n8j',0),(30,'http://www.cisl.org.ar',0),(31,'http://cli.gs/gf4rb',0),(32,'http://spr.ly/6014uABM',0),(33,'http://adobe.ly/kmOh5Y',0),(34,'http://migre.me/4Iu3y',0),(35,'http://migre.me/4Iu3A',0),(36,'http://migre.me/4Iu3C',0),(37,'http://bit.ly/iuMuN6',0),(38,'http://bit.ly/mxDje7',0),(39,'http://migre.me/4Iu3F',0),(40,'http://bit.ly/lF4C3S',0),(41,'http://tiny.ly/dtcR',0),(42,'http://nztalk.in/kE6RGx',0),(43,'http://bit.ly/kFi0ba',0),(44,'http://bit.ly/lq115x',0),(45,'http://bit.ly/km3PtO',0),(46,'http://goo.gl/t49RG',0),(47,'http://bit.ly/iFk7Yj',0),(48,'http://bit.ly/lDOnn5',0),(49,'http://bit.ly/iwOL8r',0),(50,'http://bit.ly/lcQeSz',0),(51,'http://bit.ly/iizfCK',0),(52,'http://tinyurl.com/3w9agzm',0),(53,'http://bit.ly/lz4JAo',0),(54,'http://bit.ly/lSnJTx',0),(55,'http://ocpsoft.com/research/',0),(56,'http://bit.ly/jsNGYA',0),(57,'http://bit.ly/ekT9Gl',0),(58,'http://bit.ly/mhFAGw',0),(59,'http://bit.ly/mTEWLN',0),(60,'http://bit.ly/m7004G',0),(61,'http://bit.ly/llvPaM',0),(62,'http://tinyurl.com/3mj7tbj',0),(63,'http://ht.ly/59Iiy',0),(64,'http://tinyurl.com/4xprc28',0),(65,'http://tinyurl.com/3kd279o',0),(66,'http://4fb.in/32w3',0),(67,'http://tinyurl.com/3j3km29',0),(68,'http://bit.ly/jEaIah',0),(69,'http://tinyurl.com/3je7qkl',0),(70,'http://tinyurl.com/3rjxwys',0),(71,'http://tinyurl.com/3k2f2oc',0),(72,'http://bit.ly/kOWxze',0),(73,'http://tinyurl.com/3gqjbdm',0),(74,'http://ow.ly/59sr5',0),(75,'http://4fb.in/n8r5',0),(76,'http://jobsurl.com/rtQ6',0),(77,'http://tinyurl.com/45yolxn',0),(78,'http://tinyurl.com/426j5aw',0),(79,'http://jobsurl.com/rtq4',0),(80,'http://donanza.com/t/3066618',0),(81,'http://goo.gl/HSsMA',0),(82,'http://goo.gl/fb/ofSwh',0),(83,'http://goo.gl/fb/ZGpwJ',0),(84,'http://bit.ly/k2F5uY',0),(85,'http://bit.ly/m6XCmT',0),(86,'http://cli.gs/V57O2',0),(87,'http://mnstr.bz/mD55q5',0),(88,'http://tinyurl.com/3as9tt2',0),(89,'http://bit.ly/g5jQnz',0),(90,'http://bit.ly/mxTdN5',0),(91,'http://bit.ly/mFqAEN',0),(92,'http://macography.net/2011/06/icloud-predictions/',0),(93,'http://bit.ly/lOwr0b',0),(94,'http://bit.ly/lIcxNS',0),(95,'http://bit.ly/mabDs1',0),(96,'http://bit.ly/imuIrU',0),(97,'http://bit.ly/maBSC9',0),(98,'http://bit.ly/imJdRV',0),(99,'http://mnstr.bz/jWV8Ms',0),(100,'http://bit.ly/k9yOB8',0),(101,'http://bit.ly/kqAjpr',0),(102,'http://mnstr.bz/lXgDIw',0),(103,'http://www.youtube.com/watch?v=-aFSKMLHvyw&feature=share',0),(104,'http://bit.ly/l8SxJr',0),(105,'http://bit.ly/jodj6r',0),(106,'http://bit.ly/iGtH5k',0),(107,'http://www.rtl.nl/(/actueel/rtlnieuws/opmerkelijk/)/components/actueel/rtlnieuws/2011/06_juni/03/opmerkelijk/chinese_jongen_verkoopt_nier_voor_ipad.xml',0),(108,'http://bit.ly/hBcP2n',0),(109,'http://goo.gl/fb/ducj1',0),(110,'http://bit.ly/jTZyOm',0),(111,'http://dgrjob.com/82743',0),(112,'http://bit.ly/juD9jr',0),(113,'http://goo.gl/txexQ',0),(114,'http://bit.ly/iyXnzF',0),(115,'http://goo.gl/fb/bkCv9',0),(116,'http://goo.gl/fb/K8HBA',0),(117,'http://goo.gl/fb/yY02b',0),(118,'http://bit.ly/mqeiCC',0),(119,'http://goo.gl/fb/G3Jym',0),(120,'http://bit.ly/iuTAng',0),(121,'http://bit.ly/kWl4np',0),(122,'http://goo.gl/fb/9AkZk',0),(123,'http://goo.gl/fb/4v0iw',0),(124,'http://goo.gl/fb/GlqUz',0),(125,'http://goo.gl/fb/ojg8i',0),(126,'http://goo.gl/fb/0RsKU',0),(127,'http://bit.ly/eu15ik',0),(128,'http://bit.ly/gf08qI',0),(129,'http://bit.ly/mPgqBT',0),(130,'http://baltimore.pm.org',0),(131,'http://cb.com/jiz',0),(132,'http://appaware.org/66',0),(133,'http://bit.ly/lSSFxd',0),(134,'http://bit.ly/mNwosQ',0),(135,'http://www.iphonefrozen.com/339/why-the-iphone-sound-problem/',0),(136,'http://bit.ly/gusOzr',0),(137,'http://DCJobs.com/j/2359709',0),(138,'http://www.macworld.co.uk/ipod-itunes/reviews/index.cfm?reviewid=3239759',0),(139,'http://bit.ly/iX56xw',0),(140,'http://bit.ly/iQZXVA',0),(141,'http://bit.ly/kMktL9',0),(142,'http://bit.ly/igGVKd',0),(143,'http://bit.ly/lsKQ1q',0),(144,'http://bit.ly/jiOSO7',0),(145,'http://bit.ly/lBORfp',0),(146,'http://bit.ly/jCCOEp',0),(147,'http://bit.ly/irXKoT',0),(148,'http://bit.ly/k8Cgnj',0),(149,'http://youtu.be/m1Dk_kb8dEk',0),(150,'http://tcrn.ch/l9mI8A',0),(151,'http://twlv.net/cUh1B6',0),(152,'http://bit.ly/kOHAjb',0),(153,'http://bit.ly/ilrowC',0),(154,'http://bit.ly/kgdVcZ',0),(155,'http://bit.ly/mCGXfa',0),(156,'http://bit.ly/j5cNR6',0),(157,'http://tinyurl.com/3hfmu5z',0),(158,'http://bit.ly/iMwsnI',0),(159,'http://bit.ly/jJgW1h',0),(160,'http://bit.ly/mfrcVZ',0),(161,'http://bit.ly/iz4OUm',0),(162,'http://bit.ly/ijhuRZ',0),(163,'http://goo.gl/fb/pNiYZ',0),(164,'http://goo.gl/fb/8GTl3',0),(165,'http://goo.gl/fb/7O7ST',0),(166,'http://bit.ly/kkCl0h',0),(167,'http://goo.gl/fb/2Zciv',0),(168,'http://dlvr.it/V0nHZ',0),(169,'http://su.pr/1BMagI',0),(170,'http://dlvr.it/V0nK7',0),(171,'http://bit.ly/9ge5a8',0),(172,'http://tinyurl.com/3r8shn4',0),(173,'http://dlvr.it/V0nLp',0),(174,'http://tiny.ly/qxPo',0),(175,'http://dlvr.it/V0nN5',0),(176,'http://tinyurl.com/3n2uofd',0),(177,'http://dlvr.it/V0nPN',0),(178,'http://jobch.at/V0nPW',0),(179,'http://jobch.at/V0nPy',0),(180,'http://jobch.at/V0nQf',0),(181,'http://jobch.at/V0nR6',0),(182,'http://bit.ly/m5PcR7',0),(183,'http://jobch.at/V0nRh',0),(184,'http://jobch.at/V0nS3',0),(185,'http://jobch.at/V0nSX',0),(186,'http://bit.ly/jV1TSn',0),(187,'http://jobch.at/V0nTX',0),(188,'http://tinyurl.com/3oooqx9',0),(189,'http://bit.ly/iPaLag',0),(190,'http://bit.ly/jHR2cq',0),(191,'http://7li.in/4T3',0),(192,'http://bit.ly/iMXATB',0),(193,'http://bit.ly/mUzz48',0),(194,'http://bit.ly/kJkVkP',0),(195,'http://bit.ly/k4qjXM',0),(196,'http://jobch.at/V0nTk',0),(197,'http://bit.ly/mPwMkr',0),(198,'http://zah.cc/s/aDY',0),(199,'http://zah.cc/s/OB5',0),(200,'http://bit.ly/iZB6F8',0),(201,'http://jobch.at/V0nJB',0),(202,'http://bit.ly/khS0gJ',0),(203,'http://j.mp/irq9GB',0),(204,'http://bit.ly/luGGky',0),(205,'http://bit.ly/ku9fzi',0),(206,'http://jobch.at/V0nWk',0),(207,'http://goo.gl/fb/xnjEF',0),(208,'http://bit.ly/kl9QUK',0),(209,'http://bit.ly/ihW7mO',0),(210,'http://bit.ly/j0wr98',0),(211,'http://bit.ly/jjU6qx',0),(212,'http://bit.ly/j0a5HD',0),(213,'http://www.linuxaria.com/article/ekiga-sip-skype?lang=en',0),(214,'http://bit.ly/jym1tk',0),(215,'http://dlvr.it/V0nJP',0),(216,'http://bit.ly/luZBt0',0),(217,'http://bit.ly/iBB6rY',0),(218,'http://bit.ly/kiIxpo',0),(219,'http://jobch.at/V0nWr',0),(220,'http://dlvr.it/V0nX6',0),(221,'http://bit.ly/jhw9Xt',0),(222,'http://dlvr.it/V0nJy',0),(223,'http://ziprecruiter.com/tj/c2417ce6',0),(224,'http://jobch.at/V0nXw',0),(225,'http://dlvr.it/V0nYR',0),(226,'http://lnkd.in/SAVDiH',0),(227,'http://goo.gl/fb/cxE15',0),(228,'http://nextgenerationseo.de/videos/die_richtigen_keywords',0),(229,'http://bit.ly/mAVilk',0),(230,'http://tiny.ly/bltc',0),(231,'http://www.whiteiphone4.com.au/',0),(232,'http://bit.ly/kdbvUy',0),(233,'http://goo.gl/fb/k2ir8',0),(234,'http://td.cx/7',0),(235,'http://bit.ly/jf3zeD',0),(236,'http://www.iphonespecialist.com.au',0),(237,'http://bit.ly/m77dm4',0),(238,'http://bit.ly/mT0Ueh',0),(239,'http://bit.ly/l0hmFN',0),(240,'http://bit.ly/iuZPpx',0),(241,'http://bit.ly/kYJ524',0),(242,'http://bit.ly/lFaBL9',0),(243,'http://care.com/t/7mnp',0),(244,'http://bit.ly/kIPypf',0),(245,'http://ziprecruiter.com/tj/af6505cc',0),(246,'http://dlvr.it/V0nbR',0),(247,'http://tinyurl.com/3fxq3m9',0),(248,'http://tinyurl.com/3ta2st9',0),(249,'http://ezpost.me/hvFNgj',0),(250,'http://tinyurl.com/3hv6ate',0),(251,'http://tinyurl.com/3meo8mh',0),(252,'http://tinyurl.com/3qh4bd4',0),(253,'http://bit.ly/mkBd8W',0),(254,'http://tinyurl.com/3zqgyyd',0),(255,'http://aol.it/iFmi3h',0),(256,'http://aol.it/ljI8hT',0),(257,'http://bit.ly/iBFC2X',0),(258,'http://aol.it/klqQmP',0),(259,'http://dlvr.it/V0nbw',0),(260,'http://tinyurl.com/3nrfecg',0),(261,'http://bit.ly/lh4Aya',0),(262,'http://bit.ly/mIYeqi',0),(263,'http://is.gd/vOGT3a',0),(264,'http://tinyurl.com/3qvy3ex',0),(265,'http://sns.mx/iuc5y5',0),(266,'http://ziprecruiter.com/tj/1a6e727f',0),(267,'http://MetroBaltimoreJobs.com/j/2359709',0),(268,'http://tinyurl.com/3kcp6a2',0),(269,'http://bit.ly/dpZXTq',0),(270,'http://bit.ly/kHjzwY',0),(280,'http://bit.ly/l3qSwJ',0),(281,'http://bit.ly/kVzoy3',0),(282,'http://tinyurl.com/3kxxvj5',0),(283,'http://bit.ly/globalwarapp1',0),(284,'http://bit.ly/jizgGR',0),(285,'http://url.ie/bcuv',0),(286,'http://www.ichspiele.cc/news/mighty-fin-fuer-iphone-veroeffentlicht-5496.html',0),(287,'http://bit.ly/mbGfZk',0),(288,'http://bit.ly/mlSbF3',0),(289,'http://bit.ly/lPTQ07',0),(290,'http://bit.ly/m4fuEj',0),(291,'http://bit.ly/kK9cO9',0),(292,'http://bit.ly/luGDn1',0),(293,'http://bit.ly/iUbGcR',0),(294,'http://bit.ly/lbJF9Y',0),(295,'http://bit.ly/lMGVC4',0),(296,'http://bit.ly/fuwhgr',0),(297,'http://bit.ly/ii9Bqo',0),(298,'http://bit.ly/lhS2E3',0),(299,'http://bit.ly/mLruGE',0),(300,'http://bit.ly/kgLIxw',0),(301,'http://bit.ly/jvzfp1',0),(302,'http://cb.com/ip2rbn',0),(303,'http://tinyurl.com/3h3344c',0),(304,'http://cb.com/jnecEX',0),(305,'http://cb.com/k5xdRA',0),(306,'http://bit.ly/lAPW8U',0),(307,'http://bit.ly/jEcDeJ',0),(308,'http://cb.com/lDOo5u',0),(309,'http://bit.ly/kZ0Sid',0),(310,'http://bit.ly/kHtjWe',0),(311,'http://www.the-job-finder.info',0),(312,'http://bit.ly/knb1JG',0),(313,'http://bit.ly/mvC8fG',0),(314,'http://bit.ly/jb5QMt',0),(315,'http://bit.ly/mndedG',0),(316,'http://slapperwan.github.com/gh4a/',0),(317,'http://www.nujk.com/converting-custom-queries-into-sql',0),(318,'http://bit.ly/hbxtXO',0),(319,'http://www.redgage.com/c-jfgjid',0),(320,'http://goo.gl/fb/pZ8Q1',0),(321,'http://goo.gl/fb/7Ypk0',0),(322,'http://goo.gl/fb/8Awa2',0),(323,'http://goo.gl/fb/bNOCZ',0),(324,'http://goo.gl/fb/3PfAu',0),(325,'http://bit.ly/lNbTSh',0),(326,'http://bit.ly/mryog5',0),(327,'http://bit.ly/kKGL6z',0),(328,'http://tinyurl.com/3g8mjse',0),(329,'http://bit.ly/lkSVJm',0),(330,'http://bit.ly/le4d3y',0),(331,'http://goo.gl/fb/W2AAI',0),(332,'http://bit.ly/jNyl27',0),(333,'http://textnow.com',0),(334,'http://bit.ly/jHMxKv',0),(335,'http://bit.ly/lPG4Kd',0),(336,'http://bit.ly/l8R9Z4',0),(337,'http://dlvr.it/V0nlB',0),(338,'http://www.cultofmac.com/woah-apple-worth-more-than-microsoft-and-intel-combined/98502',0),(339,'http://tinyurl.com/3vl6sqr',0),(340,'http://www.youtube.com/watch?hl=en&v=p92QfWOw88I',0),(341,'http://dlvr.it/V0lT1',0),(342,'http://td.cx/2',0),(343,'http://mnstr.bz/locJza',0),(344,'http://bit.ly/j12J3J',0),(345,'http://bit.ly/mSWchB',0),(346,'http://theplusonesite.com/',0),(347,'http://tinyurl.com/3hcr2qn',0),(348,'http://bit.ly/me594U',0),(349,'http://bit.ly/kOfItk',0),(350,'http://bit.ly/lCqi9A',0),(351,'http://bit.ly/kPaEOb',0),(352,'http://tinyurl.com/3dujge7',0),(353,'http://tinyurl.com/3jhnqnv',0),(354,'http://bit.ly/m6OXAJ',0),(355,'http://bit.ly/j3BcC1',0),(356,'http://bit.ly/lCTUbB',0),(357,'http://bit.ly/lAbTTJ',0),(358,'http://tinyurl.com/3ds9y7h',0),(359,'http://bit.ly/kz3KOe',0),(360,'http://bit.ly/jzuy7v',0),(361,'http://tcrn.ch/lMcxYt',0),(362,'http://bit.ly/lRKjJM',0),(363,'http://bit.ly/mmUbRF',0),(364,'http://MilwaukeeJobs.com/j/2309770',0),(365,'http://bit.ly/kFJeDw',0),(366,'http://dgrjob.com/82745',0),(367,'http://ping.fm/TxPzo',0),(368,'http://1.usa.gov/juiBW1',0),(369,'http://bit.ly/j8AsJm',0),(370,'http://donanza.com/t/3066880',0),(371,'http://donanza.com/t/3066943',0),(372,'http://donanza.com/t/3066904',0),(373,'http://bit.ly/iISNE8',0),(374,'http://donanza.com/t/3066780',0),(375,'http://donanza.com/t/3063063',0),(376,'http://jobcircle.com/z8960002',0),(377,'http://wp.me/p13zix-13H',0),(378,'http://tinyurl.com/3cpxo59',0),(379,'http://tinyurl.com/4xek99m',0),(380,'http://bit.ly/mbaD4h',0),(381,'http://tinyurl.com/6jtgv9x',0),(382,'http://dlvr.it/V0nfF',0),(383,'http://tinyurl.com/3umwh42',0),(384,'http://su.pr/2LNGR0',0),(385,'http://dlvr.it/V0nr2',0),(386,'http://su.pr/9dF06c',0),(387,'http://dlvr.it/V0nm7',0),(388,'http://tinyurl.com/3zqddhk',0),(389,'http://dlvr.it/V0nvb',0),(390,'http://jobsurl.com/ru8q',0),(391,'http://bit.ly/knTt3p',0),(392,'http://bit.ly/jBgmOo',0),(393,'http://dlvr.it/V0nzg',0),(394,'http://dlvr.it/V0p0P',0),(395,'http://is.gd/j0Kixc',0),(396,'http://pgames.us/kqUjST',0),(397,'http://bit.ly/k1xDu3',0),(398,'http://dlvr.it/V0p1k',0),(399,'http://goo.gl/DCmzt',0),(400,'http://bit.ly/ktLgbl',0),(401,'http://j.mp/kpVsGi',0),(402,'http://bit.ly/iusDoJ',0),(403,'http://bit.ly/ljII1q',0),(404,'http://tinyurl.com/3vmn3m6',0),(405,'http://customer-service-jobs.blogspot.com',0),(406,'http://bit.ly/kewVqb',0),(407,'http://bit.ly/lBVmcr',0),(408,'http://bit.ly/lWF39Q',0),(409,'http://bit.ly/iWl5Oa',0),(410,'http://bit.ly/iHn5c0',0),(411,'http://bit.ly/mCIZk8',0),(412,'http://bit.ly/iA4kuD',0),(413,'http://bit.ly/mzwF0W',0),(414,'http://jobcircle.com/zwun',0),(415,'http://dlvr.it/V0p38',0),(416,'http://www.howtodo-articles.com/how-to-negotiate-a-salary/',0),(417,'http://dlvr.it/V0p3D',0),(418,'http://bit.ly/lw3xHU',0),(419,'http://dlvr.it/V0nsm',0),(420,'http://twitpic.com/56iaoy',0),(421,'http://bit.ly/ciu28u',0),(422,'http://bit.ly/jGnytz',0),(423,'http://bit.ly/lkEb5m',0),(424,'http://bit.ly/mQQK5b',0),(425,'http://bit.ly/lCR6zq',0),(426,'http://bit.ly/mCO2OS',0),(427,'http://bit.ly/lIeTHR',0),(428,'http://bit.ly/iC3LeN',0),(429,'http://bit.ly/m1KtTK',0),(430,'http://bit.ly/lVcZO1',0),(431,'http://ow.ly/59G3N',0),(432,'http://bit.ly/kPJvl1',0),(433,'http://bit.ly/iu2INC',0),(434,'http://bit.ly/kzDFox',0),(435,'http://bit.ly/llvmZK',0),(436,'http://bit.ly/jAsuF0',0),(437,'http://bit.ly/lZwiHc',0),(438,'http://bit.ly/mxy76Y',0),(439,'http://bit.ly/iLK9OI',0),(440,'http://bit.ly/kyrGvv',0),(441,'http://bit.ly/lGWaaf',0),(442,'http://bit.ly/jRPX5Q',0),(443,'http://bit.ly/m7y9qi',0),(444,'http://bit.ly/jakvNz',0),(445,'http://bit.ly/lKTSZe',0),(446,'http://bit.ly/kyypFm',0),(447,'http://rod.gs/Qii',0),(448,'http://JobsInMadison.com/j/2359720',0),(449,'http://tinyurl.com/3e2zowh',0),(450,'http://bit.ly/c1LswN',0),(451,'http://bit.ly/mwAqce',0),(452,'http://bit.ly/iw12Be',0),(453,'http://tinyurl.com/3hv6bqc',0),(454,'http://tinyurl.com/42b2qxy',0),(455,'http://j.mp/iRIkqR',0),(456,'http://jobsffa.com/jobs/12899',0),(457,'http://8inent.com/2s3',0),(458,'http://jobsbyref.com/j/267840',0),(459,'http://dgrjob.com/82746',0),(460,'http://deck.ly/~oiN2e',0),(461,'http://bit.ly/dlORi0',0),(462,'http://ht.ly/59KWk',0),(463,'http://bit.ly/djJtWF',0),(464,'http://bit.ly/bRExmn',0),(465,'http://bit.ly/jK2Ads',0),(466,'http://bit.ly/glNvTX',0),(467,'http://dlvr.it/V0p6k',0),(468,'http://dlvr.it/V0p6x',0),(469,'http://bit.ly/ikmHnv',0),(470,'http://dlvr.it/V0p8F',0),(471,'http://dlvr.it/V0p86',0),(472,'http://bit.ly/kWogZP',0),(473,'http://dlvr.it/V0p8Q',0),(474,'http://tinyurl.com/44ugaug',0),(475,'http://jobsbyref.com/j/267841',0),(476,'http://bit.ly/d2WAiA',0),(477,'http://phpgigs.net/20540',0),(478,'http://jobsbyref.com/j/267842',0),(479,'http://ow.ly/59ld6',0),(480,'http://bit.ly/mFpVIp',0),(481,'http://4fb.in/6fca',0),(482,'http://bit.ly/l0luax',0),(483,'http://jobsffa.com/jobs/12918',0),(484,'http://bit.ly/ll6OVo',0),(485,'http://jobsbyref.com/j/267843',0),(486,'http://bit.ly/j6nAyC',0),(487,'http://bit.ly/msFW8i',0),(488,'http://www.appticker.de/app/383162',0),(489,'http://bit.ly/knJQiu',0),(490,'http://jobsbyref.com/j/267844',0),(491,'http://4fb.in/v9kb',0),(492,'http://www.appticker.com/app/383162',0),(493,'http://www.appticker.de/app/123733',0),(494,'http://bit.ly/klnWTw',0),(495,'http://bit.ly/kxAv0R',0),(496,'http://jobsbyref.com/j/267845',0),(497,'http://bit.ly/jMdQ61',0),(498,'http://bit.ly/kFDPQG',0),(499,'http://mnstr.bz/jts3Oh',0),(500,'http://jobsbyref.com/j/267846',0),(501,'http://mnstr.bz/jOuWfF',0),(502,'http://mnstr.bz/l9FRbh',0),(503,'http://tinyurl.com/4348cwf',0),(504,'http://mnstr.bz/l8GJwi',0),(505,'http://reut.rs/lvbasn',0),(506,'http://MilwaukeeJobs.com/j/2359639',0),(507,'http://bit.ly/kCZsvP',0),(508,'http://bit.ly/mopnIX',0),(509,'http://mnstr.bz/mlE4z2',0),(510,'http://get.hired.ch',0),(511,'http://www.appticker.com/app/123733',0),(512,'http://jobsbyref.com/j/267847',0),(513,'http://mnstr.bz/l6liQP',0),(514,'http://bit.ly/iwLiOI',0),(515,'http://mnstr.bz/mudBkj',0),(516,'http://mnstr.bz/myZvsk',0),(517,'http://mnstr.bz/kZsAmK',0),(518,'http://bit.ly/m76YRQ',0),(519,'http://mnstr.bz/jQW4f7',0),(520,'http://jobsbyref.com/j/267848',0),(521,'http://mnstr.bz/j1J4q4',0),(522,'http://9.bb/CAYh',0),(523,'http://jobsbyref.com/j/267849',0),(524,'http://bit.ly/kH9ABL',0),(525,'http://read.bi/iV6ZlJ',0),(526,'http://bit.ly/mc8udY',0),(527,'http://jobsbyref.com/j/267850',0),(528,'http://bit.ly/iXlbJe',0),(529,'http://jobsbyref.com/j/267851',0),(530,'http://tinyurl.com/3o5fb6e',0),(531,'http://bit.ly/mzF4Ee',0),(532,'http://bit.ly/kfkxcp',0),(533,'http://goo.gl/5W7eX',0),(534,'http://bit.ly/iyrlpL',0),(535,'http://jobsbyref.com/j/267852',0),(536,'http://bit.ly/j2cm6f',0),(537,'http://tinyurl.com/43w3gmu',0),(538,'http://is.gd/MNfvta',0),(539,'http://jobsbyref.com/j/267853',0),(540,'http://bit.ly/kCULBQ',0),(541,'http://t.linkup.com/d20e384',0),(542,'http://jobsbyref.com/j/267854',0),(543,'http://bit.ly/laOCIB',0),(544,'http://tinyurl.com/3m2gej2',0),(545,'http://bit.ly/jEHqYg',0),(546,'http://jobsbyref.com/j/267855',0),(547,'http://ziprecruiter.com/tj/bc8e4a5f',0),(548,'http://bit.ly/jIJBFi',0),(549,'http://jobsbyref.com/j/267856',0),(550,'http://bit.ly/lL4Hba',0),(551,'http://bit.ly/l2DX2L',0),(552,'http://bit.ly/ioYnKw',0),(553,'http://jobsbyref.com/j/267857',0),(554,'http://bit.ly/jabZYm',0),(555,'http://bit.ly/juHZMA',0),(556,'http://bit.ly/jTKN7F',0),(557,'http://bit.ly/lx4Bdc',0),(558,'http://jobsbyref.com/j/267858',0),(559,'http://bit.ly/jOypjk',0),(560,'http://bit.ly/lHMHSm',0),(561,'http://bit.ly/iUDnvS',0),(562,'http://jobsbyref.com/j/267859',0),(563,'http://bit.ly/inWXrI',0),(564,'http://jobsurl.com/ruaF',0),(565,'http://bit.ly/isZLrY',0),(566,'http://bit.ly/lIvDPw',0),(567,'http://ping.fm/TPiRX',0),(568,'http://attlinks.com/kgxwiS',0),(569,'http://bit.ly/iLJLqv',0),(570,'http://fb.me/OaimhQyj',0),(571,'http://www.cpscrew.com/06/16/decalskin-apple-iphone-4-skin-cover-zebra-print-reviews.html',0),(572,'http://bit.ly/ipLZk4',0),(573,'http://jobsurl.com/ruaT',0);
/*!40000 ALTER TABLE `urls` ENABLE KEYS */;
UNLOCK TABLES;
/*!40103 SET TIME_ZONE=@OLD_TIME_ZONE */;

/*!40101 SET SQL_MODE=@OLD_SQL_MODE */;
/*!40014 SET FOREIGN_KEY_CHECKS=@OLD_FOREIGN_KEY_CHECKS */;
/*!40014 SET UNIQUE_CHECKS=@OLD_UNIQUE_CHECKS */;
/*!40101 SET CHARACTER_SET_CLIENT=@OLD_CHARACTER_SET_CLIENT */;
/*!40101 SET CHARACTER_SET_RESULTS=@OLD_CHARACTER_SET_RESULTS */;
/*!40101 SET COLLATION_CONNECTION=@OLD_COLLATION_CONNECTION */;
/*!40111 SET SQL_NOTES=@OLD_SQL_NOTES */;

-- Dump completed on 2011-06-03 22:11:11
